SET @OLD_SQL_MODE=@@SQL_MODE, SQL_MODE='NO_AUTO_VALUE_ON_ZERO';
SET @OLD_TIME_ZONE=@@TIME_ZONE, TIME_ZONE='+00:00';
SET @OLD_FOREIGN_KEY_CHECKS=@@FOREIGN_KEY_CHECKS, FOREIGN_KEY_CHECKS=0;



INSERT INTO `articles` (`articles_article_id`, `attachments_attachment_id`, `categories_category_id`, `contacts_contact_id`, `title`, `slug`, `introtext`, `fulltext`, `published`, `created_by`, `created_on`, `modified_by`, `modified_on`, `locked_by`, `locked_on`, `publish_on`, `unpublish_on`, `params`, `ordering`, `description`, `access`)
VALUES
	(1, 0, 1, 21, 'Taking public domain', 'taking-public-domain', '<p>Nulla vitae elit libero, a pharetra augue. Aenean eu leo quam. Pellentesque ornare sem lacinia quam venenatis vestibulum. Vestibulum id ligula porta felis euismod semper. Fusce dapibus, tellus ac cursus commodo, tortor mauris condimentum nibh, ut fermentum massa justo sit amet risus. Nulla vitae elit libero, a pharetra augue.</p>\r\n\r\n<p>Vestibulum id ligula porta felis euismod semper. Cras mattis consectetur purus sit amet fermentum. Integer posuere erat a ante venenatis dapibus posuere velit aliquet. Nullam quis risus eget urna mollis ornare vel eu leo. Duis mollis, est non commodo luctus, nisi erat porttitor ligula, eget lacinia odio sem nec elit.</p>\r\n\r\n<p>Duis mollis, est non commodo luctus, nisi erat porttitor ligula, eget lacinia odio sem nec elit. Nulla vitae elit libero, a pharetra augue. Curabitur blandit tempus porttitor. Cras mattis consectetur purus sit amet fermentum. Cum sociis natoque penatibus et magnis dis parturient montes, nascetur ridiculus mus. Cum sociis natoque penatibus et magnis dis parturient montes, nascetur ridiculus mus.</p>\r\n\r\n<p>Donec ullamcorper nulla non metus auctor fringilla. Integer posuere erat a ante venenatis dapibus posuere velit aliquet. Vivamus sagittis lacus vel augue laoreet rutrum faucibus dolor auctor. Praesent commodo cursus magna, vel scelerisque nisl consectetur et. Donec id elit non mi porta gravida at eget metus.</p>', '', 1, 1, '2017-01-26 12:57:31', NULL, NULL, NULL, NULL, NULL, NULL, NULL, 0, NULL, 0),
	(2, 0, 1, 21, 'Work in a pedestrian zone', 'work-in-a-pedestrian-zone', '<p>Curabitur blandit tempus porttitor. Nullam id dolor id nibh ultricies vehicula ut id elit. Maecenas faucibus mollis interdum. Curabitur blandit tempus porttitor. Cras mattis consectetur purus sit amet fermentum. Morbi leo risus, porta ac consectetur ac, vestibulum at eros. Nullam id dolor id nibh ultricies vehicula ut id elit.</p>\r\n\r\n<p>Aenean lacinia bibendum nulla sed consectetur. Curabitur blandit tempus porttitor. Aenean lacinia bibendum nulla sed consectetur. Aenean lacinia bibendum nulla sed consectetur.</p>\r\n\r\n<p>Donec id elit non mi porta gravida at eget metus. Nulla vitae elit libero, a pharetra augue. Cum sociis natoque penatibus et magnis dis parturient montes, nascetur ridiculus mus. Praesent commodo cursus magna, vel scelerisque nisl consectetur et. Sed posuere consectetur est at lobortis. Morbi leo risus, porta ac consectetur ac, vestibulum at eros.</p>\r\n\r\n<p>Curabitur blandit tempus porttitor. Maecenas faucibus mollis interdum. Fusce dapibus, tellus ac cursus commodo, tortor mauris condimentum nibh, ut fermentum massa justo sit amet risus. Maecenas sed diam eget risus varius blandit sit amet non magna. Duis mollis, est non commodo luctus, nisi erat porttitor ligula, eget lacinia odio sem nec elit. Morbi leo risus, porta ac consectetur ac, vestibulum at eros.</p>', '', 1, 1, '2017-01-26 13:00:23', NULL, NULL, NULL, NULL, NULL, NULL, NULL, 0, NULL, 0),
	(3, 0, 1, 21, 'Parade permit', 'parade-permit', '<p>Donec id elit non mi porta gravida at eget metus. Fusce dapibus, tellus ac cursus commodo, tortor mauris condimentum nibh, ut fermentum massa justo sit amet risus. Aenean lacinia bibendum nulla sed consectetur. Maecenas sed diam eget risus varius blandit sit amet non magna. Donec ullamcorper nulla non metus auctor fringilla.</p>\r\n\r\n<p>Integer posuere erat a ante venenatis dapibus posuere velit aliquet. Maecenas sed diam eget risus varius blandit sit amet non magna. Etiam porta sem malesuada magna mollis euismod. Nulla vitae elit libero, a pharetra augue. Donec id elit non mi porta gravida at eget metus. Nulla vitae elit libero, a pharetra augue. Cum sociis natoque penatibus et magnis dis parturient montes, nascetur ridiculus mus.</p>\r\n\r\n<p>Donec ullamcorper nulla non metus auctor fringilla. Praesent commodo cursus magna, vel scelerisque nisl consectetur et. Vivamus sagittis lacus vel augue laoreet rutrum faucibus dolor auctor. Cras justo odio, dapibus ac facilisis in, egestas eget quam. Integer posuere erat a ante venenatis dapibus posuere velit aliquet.</p>\r\n\r\n<p>Vivamus sagittis lacus vel augue laoreet rutrum faucibus dolor auctor. Duis mollis, est non commodo luctus, nisi erat porttitor ligula, eget lacinia odio sem nec elit. Integer posuere erat a ante venenatis dapibus posuere velit aliquet. Praesent commodo cursus magna, vel scelerisque nisl consectetur et. Lorem ipsum dolor sit amet, consectetur adipiscing elit. Morbi leo risus, porta ac consectetur ac, vestibulum at eros.</p>', '', 1, 1, '2017-01-26 13:02:38', 1, '2017-01-26 13:02:50', NULL, NULL, NULL, NULL, NULL, 0, NULL, 0),
	(4, 0, 1, 21, 'Firearm license', 'firearm-license', '<p>Aenean eu leo quam. Pellentesque ornare sem lacinia quam venenatis vestibulum. Fusce dapibus, tellus ac cursus commodo, tortor mauris condimentum nibh, ut fermentum massa justo sit amet risus. Maecenas faucibus mollis interdum. Fusce dapibus, tellus ac cursus commodo, tortor mauris condimentum nibh, ut fermentum massa justo sit amet risus.</p>\r\n\r\n<p>Donec sed odio dui. Cras mattis consectetur purus sit amet fermentum. Nullam id dolor id nibh ultricies vehicula ut id elit. Lorem ipsum dolor sit amet, consectetur adipiscing elit. Vestibulum id ligula porta felis euismod semper.</p>\r\n\r\n<p>Cras justo odio, dapibus ac facilisis in, egestas eget quam. Praesent commodo cursus magna, vel scelerisque nisl consectetur et. Sed posuere consectetur est at lobortis. Vivamus sagittis lacus vel augue laoreet rutrum faucibus dolor auctor. Morbi leo risus, porta ac consectetur ac, vestibulum at eros. Donec sed odio dui. Nulla vitae elit libero, a pharetra augue.</p>\r\n\r\n<p>Curabitur blandit tempus porttitor. Aenean eu leo quam. Pellentesque ornare sem lacinia quam venenatis vestibulum. Sed posuere consectetur est at lobortis. Etiam porta sem malesuada magna mollis euismod.</p>', '', 1, 1, '2017-01-26 13:05:08', 1, '2017-01-26 13:13:31', NULL, NULL, NULL, NULL, NULL, 0, NULL, 0),
	(5, 0, 1, 21, 'Event permit', 'event-permit', '<p>Maecenas sed diam eget risus varius blandit sit amet non magna. Integer posuere erat a ante venenatis dapibus posuere velit aliquet. Vivamus sagittis lacus vel augue laoreet rutrum faucibus dolor auctor. Nullam quis risus eget urna mollis ornare vel eu leo. Etiam porta sem malesuada magna mollis euismod. Maecenas sed diam eget risus varius blandit sit amet non magna. Praesent commodo cursus magna, vel scelerisque nisl consectetur et.</p>\r\n\r\n<p>Vestibulum id ligula porta felis euismod semper. Integer posuere erat a ante venenatis dapibus posuere velit aliquet. Praesent commodo cursus magna, vel scelerisque nisl consectetur et. Nullam quis risus eget urna mollis ornare vel eu leo.</p>\r\n\r\n<p>Aenean eu leo quam. Pellentesque ornare sem lacinia quam venenatis vestibulum. Maecenas sed diam eget risus varius blandit sit amet non magna. Vestibulum id ligula porta felis euismod semper. Curabitur blandit tempus porttitor.</p>\r\n\r\n<p>Lorem ipsum dolor sit amet, consectetur adipiscing elit. Vestibulum id ligula porta felis euismod semper. Vivamus sagittis lacus vel augue laoreet rutrum faucibus dolor auctor. Aenean lacinia bibendum nulla sed consectetur.</p>', '', 1, 1, '2017-01-26 13:14:41', NULL, NULL, NULL, NULL, NULL, NULL, NULL, 0, NULL, 0),
	(6, 0, 1, 21, 'Security system permit', 'security-system-permit', '', '', 1, 1, '2017-01-26 13:15:14', NULL, NULL, NULL, NULL, NULL, NULL, NULL, 0, NULL, 0),
	(7, 0, 1, 21, 'Residence permit', 'residence-permit', '<p>Cras mattis consectetur purus sit amet fermentum. Lorem ipsum dolor sit amet, consectetur adipiscing elit. Maecenas faucibus mollis interdum. Integer posuere erat a ante venenatis dapibus posuere velit aliquet. Cras justo odio, dapibus ac facilisis in, egestas eget quam. Aenean eu leo quam. Pellentesque ornare sem lacinia quam venenatis vestibulum. Curabitur blandit tempus porttitor.</p>\r\n\r\n<p>Nulla vitae elit libero, a pharetra augue. Duis mollis, est non commodo luctus, nisi erat porttitor ligula, eget lacinia odio sem nec elit. Vivamus sagittis lacus vel augue laoreet rutrum faucibus dolor auctor. Integer posuere erat a ante venenatis dapibus posuere velit aliquet. Cras mattis consectetur purus sit amet fermentum. Morbi leo risus, porta ac consectetur ac, vestibulum at eros. Donec sed odio dui.</p>\r\n\r\n<p>Donec ullamcorper nulla non metus auctor fringilla. Vestibulum id ligula porta felis euismod semper. Nulla vitae elit libero, a pharetra augue. Vestibulum id ligula porta felis euismod semper.</p>\r\n\r\n<p>Nulla vitae elit libero, a pharetra augue. Nullam id dolor id nibh ultricies vehicula ut id elit. Fusce dapibus, tellus ac cursus commodo, tortor mauris condimentum nibh, ut fermentum massa justo sit amet risus. Integer posuere erat a ante venenatis dapibus posuere velit aliquet. Donec id elit non mi porta gravida at eget metus.</p>', '', 1, 1, '2017-01-26 13:15:48', NULL, NULL, NULL, NULL, NULL, NULL, NULL, 0, NULL, 0),
	(8, 0, 4, 1, 'Credit Card fraud', 'credit-card-fraud', '<p>Vestibulum id ligula porta felis euismod semper. Cras mattis consectetur purus sit amet fermentum. Fusce dapibus, tellus ac cursus commodo, tortor mauris condimentum nibh, ut fermentum massa justo sit amet risus. Cum sociis natoque penatibus et magnis dis parturient montes, nascetur ridiculus mus. Donec sed odio dui. Donec id elit non mi porta gravida at eget metus. Praesent commodo cursus magna, vel scelerisque nisl consectetur et.</p>\r\n\r\n<p>Praesent commodo cursus magna, vel scelerisque nisl consectetur et. Fusce dapibus, tellus ac cursus commodo, tortor mauris condimentum nibh, ut fermentum massa justo sit amet risus. Praesent commodo cursus magna, vel scelerisque nisl consectetur et. Etiam porta sem malesuada magna mollis euismod.</p>\r\n\r\n<p>Aenean eu leo quam. Pellentesque ornare sem lacinia quam venenatis vestibulum. Donec sed odio dui. Aenean eu leo quam. Pellentesque ornare sem lacinia quam venenatis vestibulum. Integer posuere erat a ante venenatis dapibus posuere velit aliquet. Nulla vitae elit libero, a pharetra augue. Vestibulum id ligula porta felis euismod semper.</p>\r\n\r\n<p>Cum sociis natoque penatibus et magnis dis parturient montes, nascetur ridiculus mus. Cras mattis consectetur purus sit amet fermentum. Vestibulum id ligula porta felis euismod semper. Donec ullamcorper nulla non metus auctor fringilla. Integer posuere erat a ante venenatis dapibus posuere velit aliquet.</p>', '', 1, 1, '2017-01-26 13:28:16', NULL, NULL, NULL, NULL, NULL, NULL, NULL, 0, NULL, 0),
	(9, 0, 4, 1, 'Doorstep selling', 'doorstep-selling', '<p>Aenean eu leo quam. Pellentesque ornare sem lacinia quam venenatis vestibulum. Sed posuere consectetur est at lobortis. Cras mattis consectetur purus sit amet fermentum. Donec id elit non mi porta gravida at eget metus. Cras mattis consectetur purus sit amet fermentum. Vestibulum id ligula porta felis euismod semper. Praesent commodo cursus magna, vel scelerisque nisl consectetur et.</p>\r\n\r\n<p>Cras mattis consectetur purus sit amet fermentum. Praesent commodo cursus magna, vel scelerisque nisl consectetur et. Maecenas sed diam eget risus varius blandit sit amet non magna. Maecenas sed diam eget risus varius blandit sit amet non magna.</p>\r\n\r\n<p>Maecenas sed diam eget risus varius blandit sit amet non magna. Maecenas sed diam eget risus varius blandit sit amet non magna. Maecenas sed diam eget risus varius blandit sit amet non magna. Donec sed odio dui.</p>\r\n\r\n<p>Vestibulum id ligula porta felis euismod semper. Duis mollis, est non commodo luctus, nisi erat porttitor ligula, eget lacinia odio sem nec elit. Aenean lacinia bibendum nulla sed consectetur. Vestibulum id ligula porta felis euismod semper. Lorem ipsum dolor sit amet, consectetur adipiscing elit. Lorem ipsum dolor sit amet, consectetur adipiscing elit. Nullam quis risus eget urna mollis ornare vel eu leo.</p>', '', 1, 1, '2017-01-26 13:29:26', 1, '2017-01-26 13:29:44', NULL, NULL, NULL, NULL, NULL, 0, NULL, 0),
	(10, 0, 4, 1, 'Fraud and scam advice', 'fraud-and-scam-advice', '<p>Curabitur blandit tempus porttitor. Cras mattis consectetur purus sit amet fermentum. Cras mattis consectetur purus sit amet fermentum. Donec id elit non mi porta gravida at eget metus.</p>\r\n\r\n<p>Cras mattis consectetur purus sit amet fermentum. Etiam porta sem malesuada magna mollis euismod. Nullam id dolor id nibh ultricies vehicula ut id elit. Aenean eu leo quam. Pellentesque ornare sem lacinia quam venenatis vestibulum. Donec sed odio dui. Nulla vitae elit libero, a pharetra augue.</p>\r\n\r\n<p>Sed posuere consectetur est at lobortis. Sed posuere consectetur est at lobortis. Vestibulum id ligula porta felis euismod semper. Nulla vitae elit libero, a pharetra augue. Donec sed odio dui. Cras mattis consectetur purus sit amet fermentum. Fusce dapibus, tellus ac cursus commodo, tortor mauris condimentum nibh, ut fermentum massa justo sit amet risus.</p>\r\n\r\n<p>Etiam porta sem malesuada magna mollis euismod. Etiam porta sem malesuada magna mollis euismod. Curabitur blandit tempus porttitor. Etiam porta sem malesuada magna mollis euismod. Integer posuere erat a ante venenatis dapibus posuere velit aliquet.</p>', '', 1, 1, '2017-01-26 13:30:16', NULL, NULL, NULL, NULL, NULL, NULL, NULL, 0, NULL, 0),
	(11, 0, 4, 1, 'Cycle crime', 'cycle-crime', '<p>Cras justo odio, dapibus ac facilisis in, egestas eget quam. Nullam id dolor id nibh ultricies vehicula ut id elit. Integer posuere erat a ante venenatis dapibus posuere velit aliquet. Sed posuere consectetur est at lobortis. Nullam quis risus eget urna mollis ornare vel eu leo.</p>\r\n\r\n<p>Cras mattis consectetur purus sit amet fermentum. Sed posuere consectetur est at lobortis. Aenean eu leo quam. Pellentesque ornare sem lacinia quam venenatis vestibulum. Donec ullamcorper nulla non metus auctor fringilla. Donec sed odio dui. Morbi leo risus, porta ac consectetur ac, vestibulum at eros.</p>\r\n\r\n<p>Fusce dapibus, tellus ac cursus commodo, tortor mauris condimentum nibh, ut fermentum massa justo sit amet risus. Curabitur blandit tempus porttitor. Curabitur blandit tempus porttitor. Morbi leo risus, porta ac consectetur ac, vestibulum at eros. Cras mattis consectetur purus sit amet fermentum. Vivamus sagittis lacus vel augue laoreet rutrum faucibus dolor auctor. Donec sed odio dui.</p>\r\n\r\n<p>Maecenas sed diam eget risus varius blandit sit amet non magna. Lorem ipsum dolor sit amet, consectetur adipiscing elit. Curabitur blandit tempus porttitor. Fusce dapibus, tellus ac cursus commodo, tortor mauris condimentum nibh, ut fermentum massa justo sit amet risus.</p>', '', 1, 1, '2017-01-26 13:30:40', NULL, NULL, NULL, NULL, NULL, NULL, NULL, 0, NULL, 0),
	(12, 0, 4, 1, 'Shed security', 'shed-security', '<p>Donec id elit non mi porta gravida at eget metus. Donec ullamcorper nulla non metus auctor fringilla. Maecenas sed diam eget risus varius blandit sit amet non magna. Sed posuere consectetur est at lobortis.</p>\r\n\r\n<p>Duis mollis, est non commodo luctus, nisi erat porttitor ligula, eget lacinia odio sem nec elit. Maecenas sed diam eget risus varius blandit sit amet non magna. Donec sed odio dui. Sed posuere consectetur est at lobortis.</p>\r\n\r\n<p>Vestibulum id ligula porta felis euismod semper. Cras justo odio, dapibus ac facilisis in, egestas eget quam. Lorem ipsum dolor sit amet, consectetur adipiscing elit. Sed posuere consectetur est at lobortis. Praesent commodo cursus magna, vel scelerisque nisl consectetur et.</p>\r\n\r\n<p>Praesent commodo cursus magna, vel scelerisque nisl consectetur et. Donec ullamcorper nulla non metus auctor fringilla. Praesent commodo cursus magna, vel scelerisque nisl consectetur et. Etiam porta sem malesuada magna mollis euismod.</p>', '', 1, 1, '2017-01-26 13:31:13', NULL, NULL, NULL, NULL, NULL, NULL, NULL, 0, NULL, 0),
	(13, 0, 4, 1, 'Shopping online', 'shopping-online', '<p>Integer posuere erat a ante venenatis dapibus posuere velit aliquet. Donec sed odio dui. Maecenas sed diam eget risus varius blandit sit amet non magna. Lorem ipsum dolor sit amet, consectetur adipiscing elit.</p>\r\n\r\n<p>Vivamus sagittis lacus vel augue laoreet rutrum faucibus dolor auctor. Maecenas sed diam eget risus varius blandit sit amet non magna. Morbi leo risus, porta ac consectetur ac, vestibulum at eros. Cras justo odio, dapibus ac facilisis in, egestas eget quam. Maecenas faucibus mollis interdum. Nulla vitae elit libero, a pharetra augue.</p>\r\n\r\n<p>Cras mattis consectetur purus sit amet fermentum. Lorem ipsum dolor sit amet, consectetur adipiscing elit. Etiam porta sem malesuada magna mollis euismod. Aenean eu leo quam. Pellentesque ornare sem lacinia quam venenatis vestibulum. Cum sociis natoque penatibus et magnis dis parturient montes, nascetur ridiculus mus.</p>\r\n\r\n<p>Maecenas faucibus mollis interdum. Sed posuere consectetur est at lobortis. Donec ullamcorper nulla non metus auctor fringilla. Lorem ipsum dolor sit amet, consectetur adipiscing elit. Vivamus sagittis lacus vel augue laoreet rutrum faucibus dolor auctor.</p>', '', 1, 1, '2017-01-26 13:31:39', NULL, NULL, NULL, NULL, NULL, NULL, NULL, 0, NULL, 0),
	(14, 0, 4, 1, 'Personal safety', 'personal-safety', '<p>Morbi leo risus, porta ac consectetur ac, vestibulum at eros. Morbi leo risus, porta ac consectetur ac, vestibulum at eros. Aenean lacinia bibendum nulla sed consectetur. Maecenas faucibus mollis interdum. Lorem ipsum dolor sit amet, consectetur adipiscing elit. Praesent commodo cursus magna, vel scelerisque nisl consectetur et.</p>\r\n\r\n<p>Praesent commodo cursus magna, vel scelerisque nisl consectetur et. Morbi leo risus, porta ac consectetur ac, vestibulum at eros. Duis mollis, est non commodo luctus, nisi erat porttitor ligula, eget lacinia odio sem nec elit. Nullam quis risus eget urna mollis ornare vel eu leo. Cras mattis consectetur purus sit amet fermentum. Sed posuere consectetur est at lobortis. Donec sed odio dui.</p>\r\n\r\n<p>Morbi leo risus, porta ac consectetur ac, vestibulum at eros. Vestibulum id ligula porta felis euismod semper. Duis mollis, est non commodo luctus, nisi erat porttitor ligula, eget lacinia odio sem nec elit. Nullam quis risus eget urna mollis ornare vel eu leo. Donec ullamcorper nulla non metus auctor fringilla.</p>', '', 1, 1, '2017-01-26 13:32:08', NULL, NULL, NULL, NULL, NULL, NULL, NULL, 0, NULL, 0),
	(15, 0, 4, 1, 'Crime prevention officers', 'crime-prevention-officers', '<p>Curabitur blandit tempus porttitor. Duis mollis, est non commodo luctus, nisi erat porttitor ligula, eget lacinia odio sem nec elit. Cras justo odio, dapibus ac facilisis in, egestas eget quam. Nullam quis risus eget urna mollis ornare vel eu leo. Curabitur blandit tempus porttitor.</p>\r\n\r\n<p>Cras mattis consectetur purus sit amet fermentum. Cum sociis natoque penatibus et magnis dis parturient montes, nascetur ridiculus mus. Etiam porta sem malesuada magna mollis euismod. Aenean eu leo quam. Pellentesque ornare sem lacinia quam venenatis vestibulum. Curabitur blandit tempus porttitor. Etiam porta sem malesuada magna mollis euismod.</p>\r\n\r\n<p>Cras mattis consectetur purus sit amet fermentum. Cum sociis natoque penatibus et magnis dis parturient montes, nascetur ridiculus mus. Morbi leo risus, porta ac consectetur ac, vestibulum at eros. Integer posuere erat a ante venenatis dapibus posuere velit aliquet.</p>\r\n\r\n<p>Donec ullamcorper nulla non metus auctor fringilla. Maecenas sed diam eget risus varius blandit sit amet non magna. Praesent commodo cursus magna, vel scelerisque nisl consectetur et. Nullam quis risus eget urna mollis ornare vel eu leo. Fusce dapibus, tellus ac cursus commodo, tortor mauris condimentum nibh, ut fermentum massa justo sit amet risus. Aenean lacinia bibendum nulla sed consectetur.</p>', '', 1, 1, '2017-01-26 13:32:47', NULL, NULL, NULL, NULL, NULL, NULL, NULL, 0, NULL, 0),
	(16, 0, 4, 16, 'Student safety', 'student-safety', '<p>Sed posuere consectetur est at lobortis. Sed posuere consectetur est at lobortis. Cras mattis consectetur purus sit amet fermentum. Vestibulum id ligula porta felis euismod semper. Donec ullamcorper nulla non metus auctor fringilla.</p>\r\n\r\n<p>Morbi leo risus, porta ac consectetur ac, vestibulum at eros. Nullam id dolor id nibh ultricies vehicula ut id elit. Lorem ipsum dolor sit amet, consectetur adipiscing elit. Cum sociis natoque penatibus et magnis dis parturient montes, nascetur ridiculus mus. Curabitur blandit tempus porttitor.</p>\r\n\r\n<p>Maecenas sed diam eget risus varius blandit sit amet non magna. Cum sociis natoque penatibus et magnis dis parturient montes, nascetur ridiculus mus. Etiam porta sem malesuada magna mollis euismod. Morbi leo risus, porta ac consectetur ac, vestibulum at eros. Cum sociis natoque penatibus et magnis dis parturient montes, nascetur ridiculus mus. Donec sed odio dui.</p>\r\n\r\n<p>Vestibulum id ligula porta felis euismod semper. Lorem ipsum dolor sit amet, consectetur adipiscing elit. Donec ullamcorper nulla non metus auctor fringilla. Aenean lacinia bibendum nulla sed consectetur. Aenean lacinia bibendum nulla sed consectetur.</p>', '', 1, 1, '2017-01-26 13:33:13', NULL, NULL, NULL, NULL, NULL, NULL, NULL, 0, NULL, 0),
	(17, 0, 4, 1, 'Community policing', 'community-policing', '<p>Aenean lacinia bibendum nulla sed consectetur. Nullam quis risus eget urna mollis ornare vel eu leo. Nullam quis risus eget urna mollis ornare vel eu leo. Curabitur blandit tempus porttitor. Aenean lacinia bibendum nulla sed consectetur.</p>\r\n\r\n<p>Donec sed odio dui. Fusce dapibus, tellus ac cursus commodo, tortor mauris condimentum nibh, ut fermentum massa justo sit amet risus. Morbi leo risus, porta ac consectetur ac, vestibulum at eros. Aenean lacinia bibendum nulla sed consectetur. Donec sed odio dui.</p>\r\n\r\n<p>Fusce dapibus, tellus ac cursus commodo, tortor mauris condimentum nibh, ut fermentum massa justo sit amet risus. Praesent commodo cursus magna, vel scelerisque nisl consectetur et. Curabitur blandit tempus porttitor. Nulla vitae elit libero, a pharetra augue. Donec id elit non mi porta gravida at eget metus. Donec id elit non mi porta gravida at eget metus.</p>\r\n\r\n<p>Vivamus sagittis lacus vel augue laoreet rutrum faucibus dolor auctor. Vivamus sagittis lacus vel augue laoreet rutrum faucibus dolor auctor. Aenean lacinia bibendum nulla sed consectetur. Morbi leo risus, porta ac consectetur ac, vestibulum at eros. Integer posuere erat a ante venenatis dapibus posuere velit aliquet.</p>', '', 1, 1, '2017-01-26 13:33:54', NULL, NULL, NULL, NULL, NULL, NULL, NULL, 0, NULL, 0),
	(18, 0, 7, 20, 'Pay a fine', 'pay-a-fine', '<p>Maecenas sed diam eget risus varius blandit sit amet non magna. Sed posuere consectetur est at lobortis. Cum sociis natoque penatibus et magnis dis parturient montes, nascetur ridiculus mus. Maecenas faucibus mollis interdum. Curabitur blandit tempus porttitor.</p>\r\n\r\n<p>Etiam porta sem malesuada magna mollis euismod. Duis mollis, est non commodo luctus, nisi erat porttitor ligula, eget lacinia odio sem nec elit. Donec id elit non mi porta gravida at eget metus. Donec sed odio dui. Aenean eu leo quam. Pellentesque ornare sem lacinia quam venenatis vestibulum. Duis mollis, est non commodo luctus, nisi erat porttitor ligula, eget lacinia odio sem nec elit. Cum sociis natoque penatibus et magnis dis parturient montes, nascetur ridiculus mus.</p>\r\n\r\n<p>Aenean lacinia bibendum nulla sed consectetur. Vestibulum id ligula porta felis euismod semper. Cum sociis natoque penatibus et magnis dis parturient montes, nascetur ridiculus mus. Donec ullamcorper nulla non metus auctor fringilla. Cras mattis consectetur purus sit amet fermentum.</p>', '', 1, 1, '2017-01-27 10:34:54', 1, '2017-01-27 10:37:31', NULL, NULL, NULL, NULL, NULL, 0, NULL, 0),
	(19, 0, 7, 20, 'Appeal a fine', 'appeal-a-fine', '<p>Aenean lacinia bibendum nulla sed consectetur. Sed posuere consectetur est at lobortis. Donec id elit non mi porta gravida at eget metus. Praesent commodo cursus magna, vel scelerisque nisl consectetur et. Nullam id dolor id nibh ultricies vehicula ut id elit.</p>\r\n\r\n<p>Curabitur blandit tempus porttitor. Cras justo odio, dapibus ac facilisis in, egestas eget quam. Cras mattis consectetur purus sit amet fermentum. Praesent commodo cursus magna, vel scelerisque nisl consectetur et. Aenean eu leo quam. Pellentesque ornare sem lacinia quam venenatis vestibulum.</p>\r\n\r\n<p>Maecenas sed diam eget risus varius blandit sit amet non magna. Cras justo odio, dapibus ac facilisis in, egestas eget quam. Duis mollis, est non commodo luctus, nisi erat porttitor ligula, eget lacinia odio sem nec elit. Vestibulum id ligula porta felis euismod semper. Cras mattis consectetur purus sit amet fermentum. Donec id elit non mi porta gravida at eget metus. Morbi leo risus, porta ac consectetur ac, vestibulum at eros.</p>\r\n\r\n<p>Donec id elit non mi porta gravida at eget metus. Maecenas faucibus mollis interdum. Cras justo odio, dapibus ac facilisis in, egestas eget quam. Cras mattis consectetur purus sit amet fermentum. Sed posuere consectetur est at lobortis. Vivamus sagittis lacus vel augue laoreet rutrum faucibus dolor auctor. Vivamus sagittis lacus vel augue laoreet rutrum faucibus dolor auctor.</p>', '', 1, 1, '2017-01-27 10:37:20', NULL, NULL, 1, '2017-01-30 10:17:40', NULL, NULL, NULL, 0, NULL, 0),
	(20, 0, 7, 20, 'Speeding penalties', 'speeding-penalties', '<p>Cum sociis natoque penatibus et magnis dis parturient montes, nascetur ridiculus mus. Maecenas faucibus mollis interdum. Nullam id dolor id nibh ultricies vehicula ut id elit. Nullam quis risus eget urna mollis ornare vel eu leo. Donec ullamcorper nulla non metus auctor fringilla.</p>\r\n\r\n<p>Curabitur blandit tempus porttitor. Aenean lacinia bibendum nulla sed consectetur. Duis mollis, est non commodo luctus, nisi erat porttitor ligula, eget lacinia odio sem nec elit. Donec sed odio dui.</p>\r\n\r\n<p>Praesent commodo cursus magna, vel scelerisque nisl consectetur et. Etiam porta sem malesuada magna mollis euismod. Cras justo odio, dapibus ac facilisis in, egestas eget quam. Maecenas faucibus mollis interdum.</p>\r\n\r\n<p>Aenean lacinia bibendum nulla sed consectetur. Aenean lacinia bibendum nulla sed consectetur. Cum sociis natoque penatibus et magnis dis parturient montes, nascetur ridiculus mus. Aenean eu leo quam. Pellentesque ornare sem lacinia quam venenatis vestibulum. Duis mollis, est non commodo luctus, nisi erat porttitor ligula, eget lacinia odio sem nec elit. Donec sed odio dui.</p>', '', 1, 1, '2017-01-27 10:37:58', NULL, NULL, NULL, NULL, NULL, NULL, NULL, 0, NULL, 0),
	(21, 0, 7, 20, 'Driving fines and letters when you don’t own the vehicle', 'driving-fines-and-letters-when-you-dont-own-the-vehicle', '<p>Nullam quis risus eget urna mollis ornare vel eu leo. Vivamus sagittis lacus vel augue laoreet rutrum faucibus dolor auctor. Praesent commodo cursus magna, vel scelerisque nisl consectetur et. Cras justo odio, dapibus ac facilisis in, egestas eget quam.</p>\r\n\r\n<p>Integer posuere erat a ante venenatis dapibus posuere velit aliquet. Etiam porta sem malesuada magna mollis euismod. Morbi leo risus, porta ac consectetur ac, vestibulum at eros. Fusce dapibus, tellus ac cursus commodo, tortor mauris condimentum nibh, ut fermentum massa justo sit amet risus. Maecenas faucibus mollis interdum.</p>\r\n\r\n<p>Praesent commodo cursus magna, vel scelerisque nisl consectetur et. Aenean eu leo quam. Pellentesque ornare sem lacinia quam venenatis vestibulum. Nulla vitae elit libero, a pharetra augue. Praesent commodo cursus magna, vel scelerisque nisl consectetur et. Donec ullamcorper nulla non metus auctor fringilla.</p>\r\n\r\n<p>Donec ullamcorper nulla non metus auctor fringilla. Donec id elit non mi porta gravida at eget metus. Cum sociis natoque penatibus et magnis dis parturient montes, nascetur ridiculus mus. Aenean eu leo quam. Pellentesque ornare sem lacinia quam venenatis vestibulum. Integer posuere erat a ante venenatis dapibus posuere velit aliquet. Etiam porta sem malesuada magna mollis euismod.</p>', '', 1, 1, '2017-01-27 10:38:28', NULL, NULL, NULL, NULL, NULL, NULL, NULL, 0, NULL, 0),
	(22, 0, 7, 20, 'Parking fines and penalty charge notices', 'parking-fines-and-penalty-charge-notices', '', '', 1, 1, '2017-01-27 10:38:54', NULL, NULL, NULL, NULL, NULL, NULL, NULL, 0, NULL, 0),
	(23, 0, 7, 20, 'Speed limits', 'speed-limits', '<p>Maecenas faucibus mollis interdum. Praesent commodo cursus magna, vel scelerisque nisl consectetur et. Nullam quis risus eget urna mollis ornare vel eu leo. Vivamus sagittis lacus vel augue laoreet rutrum faucibus dolor auctor. Integer posuere erat a ante venenatis dapibus posuere velit aliquet. Praesent commodo cursus magna, vel scelerisque nisl consectetur et. Donec id elit non mi porta gravida at eget metus.</p>\r\n\r\n<p>Vivamus sagittis lacus vel augue laoreet rutrum faucibus dolor auctor. Fusce dapibus, tellus ac cursus commodo, tortor mauris condimentum nibh, ut fermentum massa justo sit amet risus. Duis mollis, est non commodo luctus, nisi erat porttitor ligula, eget lacinia odio sem nec elit. Lorem ipsum dolor sit amet, consectetur adipiscing elit. Morbi leo risus, porta ac consectetur ac, vestibulum at eros.</p>\r\n\r\n<p>Nulla vitae elit libero, a pharetra augue. Praesent commodo cursus magna, vel scelerisque nisl consectetur et. Lorem ipsum dolor sit amet, consectetur adipiscing elit. Nullam id dolor id nibh ultricies vehicula ut id elit. Morbi leo risus, porta ac consectetur ac, vestibulum at eros.</p>\r\n\r\n<p>Cras mattis consectetur purus sit amet fermentum. Cras mattis consectetur purus sit amet fermentum. Cras justo odio, dapibus ac facilisis in, egestas eget quam. Praesent commodo cursus magna, vel scelerisque nisl consectetur et. Nulla vitae elit libero, a pharetra augue.</p>', '', 1, 1, '2017-01-27 10:39:10', NULL, NULL, NULL, NULL, NULL, NULL, NULL, 0, NULL, 0),
	(24, 0, 7, 20, 'Drink-driving penalties', 'drink-driving-penalties', '<p>Aenean eu leo quam. Pellentesque ornare sem lacinia quam venenatis vestibulum. Praesent commodo cursus magna, vel scelerisque nisl consectetur et. Cras justo odio, dapibus ac facilisis in, egestas eget quam. Nullam quis risus eget urna mollis ornare vel eu leo. Curabitur blandit tempus porttitor. Nullam quis risus eget urna mollis ornare vel eu leo.</p>\r\n\r\n<p>Integer posuere erat a ante venenatis dapibus posuere velit aliquet. Fusce dapibus, tellus ac cursus commodo, tortor mauris condimentum nibh, ut fermentum massa justo sit amet risus. Maecenas faucibus mollis interdum. Nullam id dolor id nibh ultricies vehicula ut id elit. Curabitur blandit tempus porttitor. Cras justo odio, dapibus ac facilisis in, egestas eget quam. Cras justo odio, dapibus ac facilisis in, egestas eget quam.</p>\r\n\r\n<p>Curabitur blandit tempus porttitor. Morbi leo risus, porta ac consectetur ac, vestibulum at eros. Cras justo odio, dapibus ac facilisis in, egestas eget quam. Nullam quis risus eget urna mollis ornare vel eu leo. Nulla vitae elit libero, a pharetra augue. Integer posuere erat a ante venenatis dapibus posuere velit aliquet. Donec id elit non mi porta gravida at eget metus.</p>\r\n\r\n<p>Lorem ipsum dolor sit amet, consectetur adipiscing elit. Fusce dapibus, tellus ac cursus commodo, tortor mauris condimentum nibh, ut fermentum massa justo sit amet risus. Cras mattis consectetur purus sit amet fermentum. Etiam porta sem malesuada magna mollis euismod.</p>', '', 1, 1, '2017-01-27 10:39:58', NULL, NULL, NULL, NULL, NULL, NULL, NULL, 0, NULL, 0),
	(25, 0, 7, 20, 'Drink-drive rehabilitation courses', 'drink-drive-rehabilitation-courses', '<p>Cras mattis consectetur purus sit amet fermentum. Vivamus sagittis lacus vel augue laoreet rutrum faucibus dolor auctor. Maecenas sed diam eget risus varius blandit sit amet non magna. Morbi leo risus, porta ac consectetur ac, vestibulum at eros. Sed posuere consectetur est at lobortis. Vivamus sagittis lacus vel augue laoreet rutrum faucibus dolor auctor.</p>\r\n\r\n<p>Donec ullamcorper nulla non metus auctor fringilla. Cum sociis natoque penatibus et magnis dis parturient montes, nascetur ridiculus mus. Morbi leo risus, porta ac consectetur ac, vestibulum at eros. Nullam id dolor id nibh ultricies vehicula ut id elit. Aenean eu leo quam. Pellentesque ornare sem lacinia quam venenatis vestibulum. Donec ullamcorper nulla non metus auctor fringilla. Sed posuere consectetur est at lobortis.</p>\r\n\r\n<p>Maecenas faucibus mollis interdum. Praesent commodo cursus magna, vel scelerisque nisl consectetur et. Vivamus sagittis lacus vel augue laoreet rutrum faucibus dolor auctor. Aenean eu leo quam. Pellentesque ornare sem lacinia quam venenatis vestibulum.</p>\r\n\r\n<p>Aenean lacinia bibendum nulla sed consectetur. Cras justo odio, dapibus ac facilisis in, egestas eget quam. Nullam quis risus eget urna mollis ornare vel eu leo. Nullam quis risus eget urna mollis ornare vel eu leo. Etiam porta sem malesuada magna mollis euismod.</p>', '', 1, 1, '2017-01-27 10:41:35', NULL, NULL, NULL, NULL, NULL, NULL, NULL, 0, NULL, 0),
	(26, 0, 7, 20, 'The drink drive limit', 'the-drink-drive-limit', '<p>Aenean lacinia bibendum nulla sed consectetur. Nullam quis risus eget urna mollis ornare vel eu leo. Vivamus sagittis lacus vel augue laoreet rutrum faucibus dolor auctor. Fusce dapibus, tellus ac cursus commodo, tortor mauris condimentum nibh, ut fermentum massa justo sit amet risus. Donec ullamcorper nulla non metus auctor fringilla. Sed posuere consectetur est at lobortis. Aenean eu leo quam. Pellentesque ornare sem lacinia quam venenatis vestibulum.</p>\r\n\r\n<p>Aenean eu leo quam. Pellentesque ornare sem lacinia quam venenatis vestibulum. Duis mollis, est non commodo luctus, nisi erat porttitor ligula, eget lacinia odio sem nec elit. Nullam id dolor id nibh ultricies vehicula ut id elit. Vivamus sagittis lacus vel augue laoreet rutrum faucibus dolor auctor. Vestibulum id ligula porta felis euismod semper.</p>\r\n\r\n<p>Lorem ipsum dolor sit amet, consectetur adipiscing elit. Vestibulum id ligula porta felis euismod semper. Morbi leo risus, porta ac consectetur ac, vestibulum at eros. Aenean lacinia bibendum nulla sed consectetur. Maecenas faucibus mollis interdum. Aenean lacinia bibendum nulla sed consectetur. Lorem ipsum dolor sit amet, consectetur adipiscing elit.</p>', '', 1, 1, '2017-01-27 10:41:55', NULL, NULL, NULL, NULL, NULL, NULL, NULL, 0, NULL, 0),
	(27, 0, 7, 20, 'Drug use and driving', 'drug-use-and-driving', '<p>Maecenas faucibus mollis interdum. Aenean lacinia bibendum nulla sed consectetur. Donec id elit non mi porta gravida at eget metus. Nulla vitae elit libero, a pharetra augue. Nullam quis risus eget urna mollis ornare vel eu leo. Donec sed odio dui.</p>\r\n\r\n<p>Aenean lacinia bibendum nulla sed consectetur. Donec ullamcorper nulla non metus auctor fringilla. Etiam porta sem malesuada magna mollis euismod. Donec ullamcorper nulla non metus auctor fringilla. Sed posuere consectetur est at lobortis. Cras justo odio, dapibus ac facilisis in, egestas eget quam. Cras mattis consectetur purus sit amet fermentum.</p>\r\n\r\n<p>Maecenas sed diam eget risus varius blandit sit amet non magna. Vivamus sagittis lacus vel augue laoreet rutrum faucibus dolor auctor. Donec id elit non mi porta gravida at eget metus. Donec sed odio dui.</p>\r\n\r\n<p>Nulla vitae elit libero, a pharetra augue. Maecenas faucibus mollis interdum. Morbi leo risus, porta ac consectetur ac, vestibulum at eros. Donec ullamcorper nulla non metus auctor fringilla. Lorem ipsum dolor sit amet, consectetur adipiscing elit. Vestibulum id ligula porta felis euismod semper. Lorem ipsum dolor sit amet, consectetur adipiscing elit.</p>', '', 1, 1, '2017-01-27 10:42:14', NULL, NULL, NULL, NULL, NULL, NULL, NULL, 0, NULL, 0),
	(28, 0, 8, 20, 'Cras mattis consectetur purus sit amet fermentum', 'cras-mattis-consectetur-purus-sit-amet-fermentum', '<p>Donec id elit non mi porta gravida at eget metus. Aenean eu leo quam. Pellentesque ornare sem lacinia quam venenatis vestibulum. Nullam id dolor id nibh ultricies vehicula ut id elit. Donec id elit non mi porta gravida at eget metus. Cras justo odio, dapibus ac facilisis in, egestas eget quam.</p>\r\n\r\n<p>Nulla vitae elit libero, a pharetra augue. Fusce dapibus, tellus ac cursus commodo, tortor mauris condimentum nibh, ut fermentum massa justo sit amet risus. Vivamus sagittis lacus vel augue laoreet rutrum faucibus dolor auctor. Maecenas faucibus mollis interdum. Sed posuere consectetur est at lobortis.</p>\r\n\r\n<p>Lorem ipsum dolor sit amet, consectetur adipiscing elit. Sed posuere consectetur est at lobortis. Nullam quis risus eget urna mollis ornare vel eu leo. Duis mollis, est non commodo luctus, nisi erat porttitor ligula, eget lacinia odio sem nec elit. Aenean lacinia bibendum nulla sed consectetur. Maecenas sed diam eget risus varius blandit sit amet non magna.</p>\r\n\r\n<p>Vivamus sagittis lacus vel augue laoreet rutrum faucibus dolor auctor. Aenean eu leo quam. Pellentesque ornare sem lacinia quam venenatis vestibulum. Vestibulum id ligula porta felis euismod semper. Nulla vitae elit libero, a pharetra augue.</p>', '', 1, 1, '2017-01-27 10:44:16', 1, '2017-01-27 10:45:04', NULL, NULL, NULL, NULL, NULL, 0, NULL, 0),
	(29, 0, 8, 20, 'Maecenas faucibus mollis interdum', 'maecenas-faucibus-mollis-interdum', '<p>Duis mollis, est non commodo luctus, nisi erat porttitor ligula, eget lacinia odio sem nec elit. Aenean eu leo quam. Pellentesque ornare sem lacinia quam venenatis vestibulum. Vestibulum id ligula porta felis euismod semper. Sed posuere consectetur est at lobortis. Etiam porta sem malesuada magna mollis euismod. Donec sed odio dui.</p>\r\n\r\n<p>Donec sed odio dui. Cum sociis natoque penatibus et magnis dis parturient montes, nascetur ridiculus mus. Fusce dapibus, tellus ac cursus commodo, tortor mauris condimentum nibh, ut fermentum massa justo sit amet risus. Cras justo odio, dapibus ac facilisis in, egestas eget quam. Morbi leo risus, porta ac consectetur ac, vestibulum at eros. Aenean eu leo quam. Pellentesque ornare sem lacinia quam venenatis vestibulum. Donec id elit non mi porta gravida at eget metus.</p>\r\n\r\n<p>Duis mollis, est non commodo luctus, nisi erat porttitor ligula, eget lacinia odio sem nec elit. Integer posuere erat a ante venenatis dapibus posuere velit aliquet. Praesent commodo cursus magna, vel scelerisque nisl consectetur et. Maecenas sed diam eget risus varius blandit sit amet non magna. Cras mattis consectetur purus sit amet fermentum. Etiam porta sem malesuada magna mollis euismod. Integer posuere erat a ante venenatis dapibus posuere velit aliquet.</p>\r\n\r\n<p>Integer posuere erat a ante venenatis dapibus posuere velit aliquet. Maecenas sed diam eget risus varius blandit sit amet non magna. Nullam id dolor id nibh ultricies vehicula ut id elit. Curabitur blandit tempus porttitor. Cum sociis natoque penatibus et magnis dis parturient montes, nascetur ridiculus mus. Cras mattis consectetur purus sit amet fermentum. Maecenas sed diam eget risus varius blandit sit amet non magna.</p>', '', 1, 1, '2017-01-27 10:44:49', NULL, NULL, NULL, NULL, NULL, NULL, NULL, 0, NULL, 0),
	(30, 0, 8, 20, 'Nullam quis risus eget urna mollis ornare vel eu leo', 'nullam-quis-risus-eget-urna-mollis-ornare-vel-eu-leo', '<p>Fusce dapibus, tellus ac cursus commodo, tortor mauris condimentum nibh, ut fermentum massa justo sit amet risus. Maecenas faucibus mollis interdum. Morbi leo risus, porta ac consectetur ac, vestibulum at eros. Nullam id dolor id nibh ultricies vehicula ut id elit. Aenean lacinia bibendum nulla sed consectetur. Donec id elit non mi porta gravida at eget metus.</p>\r\n\r\n<p>Cras mattis consectetur purus sit amet fermentum. Nullam id dolor id nibh ultricies vehicula ut id elit. Cras justo odio, dapibus ac facilisis in, egestas eget quam. Nullam id dolor id nibh ultricies vehicula ut id elit. Aenean eu leo quam. Pellentesque ornare sem lacinia quam venenatis vestibulum. Fusce dapibus, tellus ac cursus commodo, tortor mauris condimentum nibh, ut fermentum massa justo sit amet risus. Donec id elit non mi porta gravida at eget metus.</p>\r\n\r\n<p>Duis mollis, est non commodo luctus, nisi erat porttitor ligula, eget lacinia odio sem nec elit. Lorem ipsum dolor sit amet, consectetur adipiscing elit. Cras mattis consectetur purus sit amet fermentum. Vivamus sagittis lacus vel augue laoreet rutrum faucibus dolor auctor. Aenean eu leo quam. Pellentesque ornare sem lacinia quam venenatis vestibulum. Vestibulum id ligula porta felis euismod semper. Nulla vitae elit libero, a pharetra augue.</p>\r\n\r\n<p>Nullam id dolor id nibh ultricies vehicula ut id elit. Praesent commodo cursus magna, vel scelerisque nisl consectetur et. Nullam quis risus eget urna mollis ornare vel eu leo. Vivamus sagittis lacus vel augue laoreet rutrum faucibus dolor auctor. Vivamus sagittis lacus vel augue laoreet rutrum faucibus dolor auctor. Curabitur blandit tempus porttitor. Sed posuere consectetur est at lobortis.</p>', '', 1, 1, '2017-01-27 10:47:17', NULL, NULL, NULL, NULL, NULL, NULL, NULL, 0, NULL, 0),
	(31, 0, 8, 20, 'Maecenas sed diam eget risus varius blandit sit amet non magna', 'maecenas-sed-diam-eget-risus-varius-blandit-sit-amet-non-magna', '<p>Nulla vitae elit libero, a pharetra augue. Etiam porta sem malesuada magna mollis euismod. Morbi leo risus, porta ac consectetur ac, vestibulum at eros. Aenean eu leo quam. Pellentesque ornare sem lacinia quam venenatis vestibulum.</p>\r\n\r\n<p>Duis mollis, est non commodo luctus, nisi erat porttitor ligula, eget lacinia odio sem nec elit. Nulla vitae elit libero, a pharetra augue. Cras justo odio, dapibus ac facilisis in, egestas eget quam. Vivamus sagittis lacus vel augue laoreet rutrum faucibus dolor auctor. Vestibulum id ligula porta felis euismod semper.</p>\r\n\r\n<p>Maecenas sed diam eget risus varius blandit sit amet non magna. Maecenas sed diam eget risus varius blandit sit amet non magna. Nullam quis risus eget urna mollis ornare vel eu leo. Aenean lacinia bibendum nulla sed consectetur. Cum sociis natoque penatibus et magnis dis parturient montes, nascetur ridiculus mus. Duis mollis, est non commodo luctus, nisi erat porttitor ligula, eget lacinia odio sem nec elit. Nulla vitae elit libero, a pharetra augue.</p>\r\n\r\n<p>Cum sociis natoque penatibus et magnis dis parturient montes, nascetur ridiculus mus. Morbi leo risus, porta ac consectetur ac, vestibulum at eros. Cras justo odio, dapibus ac facilisis in, egestas eget quam. Maecenas faucibus mollis interdum. Maecenas faucibus mollis interdum.</p>', '', 1, 1, '2017-01-27 10:47:30', NULL, NULL, NULL, NULL, NULL, NULL, NULL, 0, NULL, 0),
	(32, 0, 8, 20, 'Cum sociis natoque penatibus et magnis dis parturient', 'cum-sociis-natoque-penatibus-et-magnis-dis-parturient', '<p>Cras mattis consectetur purus sit amet fermentum. Fusce dapibus, tellus ac cursus commodo, tortor mauris condimentum nibh, ut fermentum massa justo sit amet risus. Integer posuere erat a ante venenatis dapibus posuere velit aliquet. Duis mollis, est non commodo luctus, nisi erat porttitor ligula, eget lacinia odio sem nec elit. Maecenas faucibus mollis interdum. Lorem ipsum dolor sit amet, consectetur adipiscing elit.</p>\r\n\r\n<p>Integer posuere erat a ante venenatis dapibus posuere velit aliquet. Aenean eu leo quam. Pellentesque ornare sem lacinia quam venenatis vestibulum. Nulla vitae elit libero, a pharetra augue. Cras justo odio, dapibus ac facilisis in, egestas eget quam. Nullam id dolor id nibh ultricies vehicula ut id elit.</p>\r\n\r\n<p>Duis mollis, est non commodo luctus, nisi erat porttitor ligula, eget lacinia odio sem nec elit. Nulla vitae elit libero, a pharetra augue. Donec id elit non mi porta gravida at eget metus. Morbi leo risus, porta ac consectetur ac, vestibulum at eros.</p>\r\n\r\n<p>Nulla vitae elit libero, a pharetra augue. Vestibulum id ligula porta felis euismod semper. Donec sed odio dui. Donec id elit non mi porta gravida at eget metus. Cum sociis natoque penatibus et magnis dis parturient montes, nascetur ridiculus mus. Donec id elit non mi porta gravida at eget metus.</p>', '', 1, 1, '2017-01-27 10:47:45', NULL, NULL, NULL, NULL, NULL, NULL, NULL, 0, NULL, 0),
	(33, 0, 8, 20, 'Vivamus sagittis lacus vel augue laoreet rutrum', 'vivamus-sagittis-lacus-vel-augue-laoreet-rutrum', '<p>Praesent commodo cursus magna, vel scelerisque nisl consectetur et. Cum sociis natoque penatibus et magnis dis parturient montes, nascetur ridiculus mus. Donec ullamcorper nulla non metus auctor fringilla. Maecenas sed diam eget risus varius blandit sit amet non magna. Etiam porta sem malesuada magna mollis euismod. Cum sociis natoque penatibus et magnis dis parturient montes, nascetur ridiculus mus.</p>\r\n\r\n<p>Vestibulum id ligula porta felis euismod semper. Vestibulum id ligula porta felis euismod semper. Nulla vitae elit libero, a pharetra augue. Vivamus sagittis lacus vel augue laoreet rutrum faucibus dolor auctor. Donec id elit non mi porta gravida at eget metus. Curabitur blandit tempus porttitor. Donec sed odio dui.</p>\r\n\r\n<p>Donec sed odio dui. Maecenas faucibus mollis interdum. Donec sed odio dui. Aenean lacinia bibendum nulla sed consectetur. Sed posuere consectetur est at lobortis. Nullam quis risus eget urna mollis ornare vel eu leo. Aenean lacinia bibendum nulla sed consectetur.</p>\r\n\r\n<p>Etiam porta sem malesuada magna mollis euismod. Vivamus sagittis lacus vel augue laoreet rutrum faucibus dolor auctor. Cum sociis natoque penatibus et magnis dis parturient montes, nascetur ridiculus mus. Donec id elit non mi porta gravida at eget metus.</p>', '', 1, 1, '2017-01-27 10:48:02', NULL, NULL, NULL, NULL, NULL, NULL, NULL, 0, NULL, 0),
	(34, 0, 8, 20, 'Sed posuere consectetur est at lobortis', 'sed-posuere-consectetur-est-at-lobortis', '<p>Lorem ipsum dolor sit amet, consectetur adipiscing elit. Donec id elit non mi porta gravida at eget metus. Nullam id dolor id nibh ultricies vehicula ut id elit. Donec id elit non mi porta gravida at eget metus. Fusce dapibus, tellus ac cursus commodo, tortor mauris condimentum nibh, ut fermentum massa justo sit amet risus.</p>\r\n\r\n<p>Aenean eu leo quam. Pellentesque ornare sem lacinia quam venenatis vestibulum. Lorem ipsum dolor sit amet, consectetur adipiscing elit. Morbi leo risus, porta ac consectetur ac, vestibulum at eros. Etiam porta sem malesuada magna mollis euismod.</p>\r\n\r\n<p>Sed posuere consectetur est at lobortis. Integer posuere erat a ante venenatis dapibus posuere velit aliquet. Vivamus sagittis lacus vel augue laoreet rutrum faucibus dolor auctor. Vivamus sagittis lacus vel augue laoreet rutrum faucibus dolor auctor. Donec id elit non mi porta gravida at eget metus. Lorem ipsum dolor sit amet, consectetur adipiscing elit. Aenean eu leo quam. Pellentesque ornare sem lacinia quam venenatis vestibulum.</p>\r\n\r\n<p>Nullam id dolor id nibh ultricies vehicula ut id elit. Morbi leo risus, porta ac consectetur ac, vestibulum at eros. Maecenas sed diam eget risus varius blandit sit amet non magna. Donec sed odio dui. Aenean eu leo quam. Pellentesque ornare sem lacinia quam venenatis vestibulum. Morbi leo risus, porta ac consectetur ac, vestibulum at eros. Praesent commodo cursus magna, vel scelerisque nisl consectetur et.</p>', '', 1, 1, '2017-01-27 10:48:15', NULL, NULL, NULL, NULL, NULL, NULL, NULL, 0, NULL, 0),
	(35, 0, 8, 20, 'Curabitur blandit tempus porttitor', 'curabitur-blandit-tempus-porttitor', '<p>Vivamus sagittis lacus vel augue laoreet rutrum faucibus dolor auctor. Maecenas sed diam eget risus varius blandit sit amet non magna. Maecenas sed diam eget risus varius blandit sit amet non magna. Etiam porta sem malesuada magna mollis euismod. Vivamus sagittis lacus vel augue laoreet rutrum faucibus dolor auctor. Integer posuere erat a ante venenatis dapibus posuere velit aliquet.</p>\r\n\r\n<p>Fusce dapibus, tellus ac cursus commodo, tortor mauris condimentum nibh, ut fermentum massa justo sit amet risus. Fusce dapibus, tellus ac cursus commodo, tortor mauris condimentum nibh, ut fermentum massa justo sit amet risus. Vivamus sagittis lacus vel augue laoreet rutrum faucibus dolor auctor. Etiam porta sem malesuada magna mollis euismod. Sed posuere consectetur est at lobortis. Aenean eu leo quam. Pellentesque ornare sem lacinia quam venenatis vestibulum.</p>\r\n\r\n<p>Sed posuere consectetur est at lobortis. Lorem ipsum dolor sit amet, consectetur adipiscing elit. Aenean eu leo quam. Pellentesque ornare sem lacinia quam venenatis vestibulum. Nullam quis risus eget urna mollis ornare vel eu leo.</p>\r\n\r\n<p>Donec sed odio dui. Aenean lacinia bibendum nulla sed consectetur. Vivamus sagittis lacus vel augue laoreet rutrum faucibus dolor auctor. Aenean eu leo quam. Pellentesque ornare sem lacinia quam venenatis vestibulum. Maecenas faucibus mollis interdum.</p>', '', 1, 1, '2017-01-27 10:48:29', 1, '2017-01-27 10:50:37', NULL, NULL, NULL, NULL, NULL, 0, NULL, 0),
	(36, 0, 8, 20, 'Nulla vitae elit libero, a pharetra augue', 'nulla-vitae-elit-libero-a-pharetra-augue', '<p>Aenean eu leo quam. Pellentesque ornare sem lacinia quam venenatis vestibulum. Cras justo odio, dapibus ac facilisis in, egestas eget quam. Aenean lacinia bibendum nulla sed consectetur. Vivamus sagittis lacus vel augue laoreet rutrum faucibus dolor auctor.</p>\r\n\r\n<p>Maecenas sed diam eget risus varius blandit sit amet non magna. Lorem ipsum dolor sit amet, consectetur adipiscing elit. Lorem ipsum dolor sit amet, consectetur adipiscing elit. Curabitur blandit tempus porttitor.</p>\r\n\r\n<p>Curabitur blandit tempus porttitor. Nullam id dolor id nibh ultricies vehicula ut id elit. Maecenas faucibus mollis interdum. Nullam quis risus eget urna mollis ornare vel eu leo. Nulla vitae elit libero, a pharetra augue.</p>\r\n\r\n<p>Aenean lacinia bibendum nulla sed consectetur. Nullam id dolor id nibh ultricies vehicula ut id elit. Donec sed odio dui. Donec ullamcorper nulla non metus auctor fringilla. Donec ullamcorper nulla non metus auctor fringilla. Cum sociis natoque penatibus et magnis dis parturient montes, nascetur ridiculus mus. Nulla vitae elit libero, a pharetra augue.</p>', '', 1, 1, '2017-01-27 10:48:47', NULL, NULL, NULL, NULL, NULL, NULL, NULL, 0, NULL, 0),
	(37, 0, 8, 20, 'Duis mollis, est non commodo luctus', 'duis-mollis-est-non-commodo-luctus', '<p>Duis mollis, est non commodo luctus, nisi erat porttitor ligula, eget lacinia odio sem nec elit. Integer posuere erat a ante venenatis dapibus posuere velit aliquet. Praesent commodo cursus magna, vel scelerisque nisl consectetur et. Cras mattis consectetur purus sit amet fermentum. Aenean lacinia bibendum nulla sed consectetur. Donec id elit non mi porta gravida at eget metus.</p>\r\n\r\n<p>Aenean lacinia bibendum nulla sed consectetur. Curabitur blandit tempus porttitor. Vivamus sagittis lacus vel augue laoreet rutrum faucibus dolor auctor. Lorem ipsum dolor sit amet, consectetur adipiscing elit. Donec sed odio dui. Etiam porta sem malesuada magna mollis euismod.</p>\r\n\r\n<p>Vivamus sagittis lacus vel augue laoreet rutrum faucibus dolor auctor. Etiam porta sem malesuada magna mollis euismod. Lorem ipsum dolor sit amet, consectetur adipiscing elit. Etiam porta sem malesuada magna mollis euismod. Lorem ipsum dolor sit amet, consectetur adipiscing elit. Duis mollis, est non commodo luctus, nisi erat porttitor ligula, eget lacinia odio sem nec elit.</p>\r\n\r\n<p>Vestibulum id ligula porta felis euismod semper. Aenean lacinia bibendum nulla sed consectetur. Nullam id dolor id nibh ultricies vehicula ut id elit. Morbi leo risus, porta ac consectetur ac, vestibulum at eros. Vestibulum id ligula porta felis euismod semper. Maecenas sed diam eget risus varius blandit sit amet non magna. Lorem ipsum dolor sit amet, consectetur adipiscing elit.</p>', '', 1, 1, '2017-01-27 10:49:03', NULL, NULL, NULL, NULL, NULL, NULL, NULL, 0, NULL, 0),
	(38, 0, 8, 20, 'Praesent commodo cursus magna', 'praesent-commodo-cursus-magna', '<p>Integer posuere erat a ante venenatis dapibus posuere velit aliquet. Morbi leo risus, porta ac consectetur ac, vestibulum at eros. Aenean lacinia bibendum nulla sed consectetur. Donec id elit non mi porta gravida at eget metus. Donec ullamcorper nulla non metus auctor fringilla. Maecenas sed diam eget risus varius blandit sit amet non magna.</p>\r\n\r\n<p>Donec sed odio dui. Aenean lacinia bibendum nulla sed consectetur. Cras mattis consectetur purus sit amet fermentum. Morbi leo risus, porta ac consectetur ac, vestibulum at eros.</p>\r\n\r\n<p>Etiam porta sem malesuada magna mollis euismod. Cum sociis natoque penatibus et magnis dis parturient montes, nascetur ridiculus mus. Vestibulum id ligula porta felis euismod semper. Sed posuere consectetur est at lobortis. Praesent commodo cursus magna, vel scelerisque nisl consectetur et. Cum sociis natoque penatibus et magnis dis parturient montes, nascetur ridiculus mus.</p>\r\n\r\n<p>Maecenas sed diam eget risus varius blandit sit amet non magna. Cras justo odio, dapibus ac facilisis in, egestas eget quam. Praesent commodo cursus magna, vel scelerisque nisl consectetur et. Duis mollis, est non commodo luctus, nisi erat porttitor ligula, eget lacinia odio sem nec elit.</p>', '', 1, 1, '2017-01-27 10:49:32', NULL, NULL, NULL, NULL, NULL, NULL, NULL, 0, NULL, 0),
	(39, 0, 8, 20, 'Donec id elit non mi porta gravida at eget metus', 'donec-id-elit-non-mi-porta-gravida-at-eget-metus', '<p>Lorem ipsum dolor sit amet, consectetur adipiscing elit. Sed posuere consectetur est at lobortis. Duis mollis, est non commodo luctus, nisi erat porttitor ligula, eget lacinia odio sem nec elit. Sed posuere consectetur est at lobortis. Cum sociis natoque penatibus et magnis dis parturient montes, nascetur ridiculus mus. Donec id elit non mi porta gravida at eget metus. Aenean eu leo quam. Pellentesque ornare sem lacinia quam venenatis vestibulum.</p>\r\n\r\n<p>Cras mattis consectetur purus sit amet fermentum. Praesent commodo cursus magna, vel scelerisque nisl consectetur et. Cras justo odio, dapibus ac facilisis in, egestas eget quam. Morbi leo risus, porta ac consectetur ac, vestibulum at eros. Nulla vitae elit libero, a pharetra augue.</p>\r\n\r\n<p>Curabitur blandit tempus porttitor. Nullam id dolor id nibh ultricies vehicula ut id elit. Donec ullamcorper nulla non metus auctor fringilla. Nullam id dolor id nibh ultricies vehicula ut id elit. Duis mollis, est non commodo luctus, nisi erat porttitor ligula, eget lacinia odio sem nec elit.</p>\r\n\r\n<p>Morbi leo risus, porta ac consectetur ac, vestibulum at eros. Praesent commodo cursus magna, vel scelerisque nisl consectetur et. Vivamus sagittis lacus vel augue laoreet rutrum faucibus dolor auctor. Curabitur blandit tempus porttitor. Morbi leo risus, porta ac consectetur ac, vestibulum at eros.</p>', '', 1, 1, '2017-01-27 10:49:52', NULL, NULL, NULL, NULL, NULL, NULL, NULL, 0, NULL, 0),
	(40, 0, 8, 20, 'Vestibulum id ligula porta felis euismod semper', 'vestibulum-id-ligula-porta-felis-euismod-semper', '<p>Vestibulum id ligula porta felis euismod semper. Nullam id dolor id nibh ultricies vehicula ut id elit. Curabitur blandit tempus porttitor. Integer posuere erat a ante venenatis dapibus posuere velit aliquet.</p>\r\n\r\n<p>Cras justo odio, dapibus ac facilisis in, egestas eget quam. Duis mollis, est non commodo luctus, nisi erat porttitor ligula, eget lacinia odio sem nec elit. Aenean lacinia bibendum nulla sed consectetur. Fusce dapibus, tellus ac cursus commodo, tortor mauris condimentum nibh, ut fermentum massa justo sit amet risus.</p>\r\n\r\n<p>Vestibulum id ligula porta felis euismod semper. Maecenas faucibus mollis interdum. Donec id elit non mi porta gravida at eget metus. Cum sociis natoque penatibus et magnis dis parturient montes, nascetur ridiculus mus. Integer posuere erat a ante venenatis dapibus posuere velit aliquet. Donec id elit non mi porta gravida at eget metus.</p>\r\n\r\n<p>Integer posuere erat a ante venenatis dapibus posuere velit aliquet. Aenean lacinia bibendum nulla sed consectetur. Maecenas sed diam eget risus varius blandit sit amet non magna. Donec id elit non mi porta gravida at eget metus. Cras justo odio, dapibus ac facilisis in, egestas eget quam.</p>', '', 1, 1, '2017-01-27 10:50:05', NULL, NULL, NULL, NULL, NULL, NULL, NULL, 0, NULL, 0),
	(41, 0, 8, 20, 'Cras justo odio dapibus ac facilisis in', 'cras-justo-odio-dapibus-ac-facilisis-in', '<p>Maecenas faucibus mollis interdum. Lorem ipsum dolor sit amet, consectetur adipiscing elit. Donec sed odio dui. Integer posuere erat a ante venenatis dapibus posuere velit aliquet. Maecenas sed diam eget risus varius blandit sit amet non magna.</p>\r\n\r\n<p>Donec id elit non mi porta gravida at eget metus. Maecenas faucibus mollis interdum. Duis mollis, est non commodo luctus, nisi erat porttitor ligula, eget lacinia odio sem nec elit. Nulla vitae elit libero, a pharetra augue. Sed posuere consectetur est at lobortis. Nulla vitae elit libero, a pharetra augue.</p>\r\n\r\n<p>Maecenas sed diam eget risus varius blandit sit amet non magna. Sed posuere consectetur est at lobortis. Sed posuere consectetur est at lobortis. Sed posuere consectetur est at lobortis. Maecenas faucibus mollis interdum. Nulla vitae elit libero, a pharetra augue.</p>\r\n\r\n<p>Etiam porta sem malesuada magna mollis euismod. Lorem ipsum dolor sit amet, consectetur adipiscing elit. Cum sociis natoque penatibus et magnis dis parturient montes, nascetur ridiculus mus. Donec sed odio dui. Maecenas sed diam eget risus varius blandit sit amet non magna.</p>', '', 1, 1, '2017-01-27 10:50:56', 1, '2017-01-27 10:51:16', NULL, NULL, NULL, NULL, NULL, 0, NULL, 0),
	(70, 0, 11, 20, 'Governing bodies', 'governing-bodies', '<p>Cum sociis natoque penatibus et magnis dis parturient montes, nascetur ridiculus mus. Donec id elit non mi porta gravida at eget metus. Maecenas sed diam eget risus varius blandit sit amet non magna. Duis mollis, est non commodo luctus, nisi erat porttitor ligula, eget lacinia odio sem nec elit. Donec id elit non mi porta gravida at eget metus. Integer posuere erat a ante venenatis dapibus posuere velit aliquet.</p>\r\n\r\n<p>Integer posuere erat a ante venenatis dapibus posuere velit aliquet. Maecenas sed diam eget risus varius blandit sit amet non magna. Nullam quis risus eget urna mollis ornare vel eu leo. Vestibulum id ligula porta felis euismod semper.</p>\r\n\r\n<p>Cum sociis natoque penatibus et magnis dis parturient montes, nascetur ridiculus mus. Duis mollis, est non commodo luctus, nisi erat porttitor ligula, eget lacinia odio sem nec elit. Duis mollis, est non commodo luctus, nisi erat porttitor ligula, eget lacinia odio sem nec elit. Nullam id dolor id nibh ultricies vehicula ut id elit. Aenean eu leo quam. Pellentesque ornare sem lacinia quam venenatis vestibulum. Integer posuere erat a ante venenatis dapibus posuere velit aliquet.</p>\r\n\r\n<p>Integer posuere erat a ante venenatis dapibus posuere velit aliquet. Cum sociis natoque penatibus et magnis dis parturient montes, nascetur ridiculus mus. Aenean lacinia bibendum nulla sed consectetur. Integer posuere erat a ante venenatis dapibus posuere velit aliquet. Duis mollis, est non commodo luctus, nisi erat porttitor ligula, eget lacinia odio sem nec elit.</p>', '', 1, 1, '2017-01-30 09:03:26', NULL, NULL, NULL, NULL, NULL, NULL, NULL, 0, NULL, 0),
	(71, 0, 11, 20, 'Mission, vision and values', 'mission-vision-and-values', '<p>Cras mattis consectetur purus sit amet fermentum. Duis mollis, est non commodo luctus, nisi erat porttitor ligula, eget lacinia odio sem nec elit. Integer posuere erat a ante venenatis dapibus posuere velit aliquet. Etiam porta sem malesuada magna mollis euismod.</p>\r\n\r\n<p>Maecenas faucibus mollis interdum. Vestibulum id ligula porta felis euismod semper. Donec id elit non mi porta gravida at eget metus. Integer posuere erat a ante venenatis dapibus posuere velit aliquet. Sed posuere consectetur est at lobortis. Fusce dapibus, tellus ac cursus commodo, tortor mauris condimentum nibh, ut fermentum massa justo sit amet risus.</p>\r\n\r\n<p>Donec id elit non mi porta gravida at eget metus. Lorem ipsum dolor sit amet, consectetur adipiscing elit. Vestibulum id ligula porta felis euismod semper. Cum sociis natoque penatibus et magnis dis parturient montes, nascetur ridiculus mus.</p>\r\n\r\n<p>Integer posuere erat a ante venenatis dapibus posuere velit aliquet. Lorem ipsum dolor sit amet, consectetur adipiscing elit. Donec ullamcorper nulla non metus auctor fringilla. Vivamus sagittis lacus vel augue laoreet rutrum faucibus dolor auctor. Aenean lacinia bibendum nulla sed consectetur.</p>', '', 1, 1, '2017-01-30 09:03:47', NULL, NULL, NULL, NULL, NULL, NULL, NULL, 0, NULL, 0),
	(72, 0, 11, 20, 'Organisation structure', 'organisation-structure', '<p>Integer posuere erat a ante venenatis dapibus posuere velit aliquet. Aenean eu leo quam. Pellentesque ornare sem lacinia quam venenatis vestibulum. Integer posuere erat a ante venenatis dapibus posuere velit aliquet. Sed posuere consectetur est at lobortis. Duis mollis, est non commodo luctus, nisi erat porttitor ligula, eget lacinia odio sem nec elit.</p>\r\n\r\n<p>Donec sed odio dui. Duis mollis, est non commodo luctus, nisi erat porttitor ligula, eget lacinia odio sem nec elit. Fusce dapibus, tellus ac cursus commodo, tortor mauris condimentum nibh, ut fermentum massa justo sit amet risus. Curabitur blandit tempus porttitor. Etiam porta sem malesuada magna mollis euismod. Fusce dapibus, tellus ac cursus commodo, tortor mauris condimentum nibh, ut fermentum massa justo sit amet risus. Nulla vitae elit libero, a pharetra augue.</p>\r\n\r\n<p>Cras justo odio, dapibus ac facilisis in, egestas eget quam. Vestibulum id ligula porta felis euismod semper. Curabitur blandit tempus porttitor. Lorem ipsum dolor sit amet, consectetur adipiscing elit. Sed posuere consectetur est at lobortis. Donec id elit non mi porta gravida at eget metus.</p>\r\n\r\n<p>Integer posuere erat a ante venenatis dapibus posuere velit aliquet. Cum sociis natoque penatibus et magnis dis parturient montes, nascetur ridiculus mus. Cras mattis consectetur purus sit amet fermentum. Praesent commodo cursus magna, vel scelerisque nisl consectetur et. Sed posuere consectetur est at lobortis.</p>', '', 1, 1, '2017-01-30 09:04:39', NULL, NULL, NULL, NULL, NULL, NULL, NULL, 0, NULL, 0),
	(73, 0, 11, 20, 'Recruitment', 'recruitment', '<p>Aenean lacinia bibendum nulla sed consectetur. Lorem ipsum dolor sit amet, consectetur adipiscing elit. Morbi leo risus, porta ac consectetur ac, vestibulum at eros. Praesent commodo cursus magna, vel scelerisque nisl consectetur et. Nullam id dolor id nibh ultricies vehicula ut id elit. Nullam id dolor id nibh ultricies vehicula ut id elit.</p>\r\n\r\n<p>Nulla vitae elit libero, a pharetra augue. Cras mattis consectetur purus sit amet fermentum. Nullam id dolor id nibh ultricies vehicula ut id elit. Curabitur blandit tempus porttitor. Nullam quis risus eget urna mollis ornare vel eu leo. Nulla vitae elit libero, a pharetra augue.</p>\r\n\r\n<p>Nullam id dolor id nibh ultricies vehicula ut id elit. Maecenas faucibus mollis interdum. Sed posuere consectetur est at lobortis. Cras mattis consectetur purus sit amet fermentum. Cum sociis natoque penatibus et magnis dis parturient montes, nascetur ridiculus mus.</p>\r\n\r\n<p>Morbi leo risus, porta ac consectetur ac, vestibulum at eros. Donec ullamcorper nulla non metus auctor fringilla. Aenean eu leo quam. Pellentesque ornare sem lacinia quam venenatis vestibulum. Donec ullamcorper nulla non metus auctor fringilla. Cum sociis natoque penatibus et magnis dis parturient montes, nascetur ridiculus mus. Sed posuere consectetur est at lobortis.</p>', '', 1, 1, '2017-01-30 09:05:13', 1, '2017-01-30 09:08:31', NULL, NULL, NULL, NULL, NULL, 0, NULL, 0),
	(74, 0, 11, 20, 'Regulations', 'regulations', '<p>Morbi leo risus, porta ac consectetur ac, vestibulum at eros. Vestibulum id ligula porta felis euismod semper. Integer posuere erat a ante venenatis dapibus posuere velit aliquet. Etiam porta sem malesuada magna mollis euismod.</p>\r\n\r\n<p>Vivamus sagittis lacus vel augue laoreet rutrum faucibus dolor auctor. Nullam id dolor id nibh ultricies vehicula ut id elit. Maecenas faucibus mollis interdum. Cum sociis natoque penatibus et magnis dis parturient montes, nascetur ridiculus mus. Morbi leo risus, porta ac consectetur ac, vestibulum at eros.</p>\r\n\r\n<p>Donec id elit non mi porta gravida at eget metus. Maecenas sed diam eget risus varius blandit sit amet non magna. Duis mollis, est non commodo luctus, nisi erat porttitor ligula, eget lacinia odio sem nec elit. Aenean lacinia bibendum nulla sed consectetur. Cras mattis consectetur purus sit amet fermentum. Sed posuere consectetur est at lobortis.</p>\r\n\r\n<p>Cum sociis natoque penatibus et magnis dis parturient montes, nascetur ridiculus mus. Integer posuere erat a ante venenatis dapibus posuere velit aliquet. Nullam quis risus eget urna mollis ornare vel eu leo. Morbi leo risus, porta ac consectetur ac, vestibulum at eros. Donec ullamcorper nulla non metus auctor fringilla. Etiam porta sem malesuada magna mollis euismod. Nulla vitae elit libero, a pharetra augue.</p>', '', 1, 1, '2017-01-30 09:05:46', NULL, NULL, NULL, NULL, NULL, NULL, NULL, 0, NULL, 0),
	(75, 0, 11, 20, 'Plans and reports', 'plans-and-reports', '<p>Nullam quis risus eget urna mollis ornare vel eu leo. Nullam quis risus eget urna mollis ornare vel eu leo. Aenean eu leo quam. Pellentesque ornare sem lacinia quam venenatis vestibulum. Lorem ipsum dolor sit amet, consectetur adipiscing elit. Aenean eu leo quam. Pellentesque ornare sem lacinia quam venenatis vestibulum. Cras mattis consectetur purus sit amet fermentum.</p>\r\n\r\n<p>Nullam id dolor id nibh ultricies vehicula ut id elit. Maecenas faucibus mollis interdum. Aenean eu leo quam. Pellentesque ornare sem lacinia quam venenatis vestibulum. Donec id elit non mi porta gravida at eget metus. Aenean lacinia bibendum nulla sed consectetur.</p>\r\n\r\n<p>Aenean eu leo quam. Pellentesque ornare sem lacinia quam venenatis vestibulum. Curabitur blandit tempus porttitor. Cum sociis natoque penatibus et magnis dis parturient montes, nascetur ridiculus mus. Duis mollis, est non commodo luctus, nisi erat porttitor ligula, eget lacinia odio sem nec elit. Nullam quis risus eget urna mollis ornare vel eu leo.</p>\r\n\r\n<p>Morbi leo risus, porta ac consectetur ac, vestibulum at eros. Sed posuere consectetur est at lobortis. Duis mollis, est non commodo luctus, nisi erat porttitor ligula, eget lacinia odio sem nec elit. Nulla vitae elit libero, a pharetra augue. Aenean eu leo quam. Pellentesque ornare sem lacinia quam venenatis vestibulum. Curabitur blandit tempus porttitor.</p>', '', 1, 1, '2017-01-30 09:09:36', 1, '2017-01-30 09:09:59', NULL, NULL, NULL, NULL, NULL, 0, NULL, 0),
	(76, 0, 11, 20, 'Policies and procedures', 'policies-and-procedures', '<p>Sed posuere consectetur est at lobortis. Curabitur blandit tempus porttitor. Nulla vitae elit libero, a pharetra augue. Cras mattis consectetur purus sit amet fermentum. Sed posuere consectetur est at lobortis.</p>\r\n\r\n<p>Fusce dapibus, tellus ac cursus commodo, tortor mauris condimentum nibh, ut fermentum massa justo sit amet risus. Sed posuere consectetur est at lobortis. Lorem ipsum dolor sit amet, consectetur adipiscing elit. Cras justo odio, dapibus ac facilisis in, egestas eget quam. Morbi leo risus, porta ac consectetur ac, vestibulum at eros.</p>\r\n\r\n<p>Lorem ipsum dolor sit amet, consectetur adipiscing elit. Nulla vitae elit libero, a pharetra augue. Cras justo odio, dapibus ac facilisis in, egestas eget quam. Cras justo odio, dapibus ac facilisis in, egestas eget quam. Fusce dapibus, tellus ac cursus commodo, tortor mauris condimentum nibh, ut fermentum massa justo sit amet risus.</p>\r\n\r\n<p>Maecenas sed diam eget risus varius blandit sit amet non magna. Nullam quis risus eget urna mollis ornare vel eu leo. Maecenas faucibus mollis interdum. Nullam id dolor id nibh ultricies vehicula ut id elit. Donec sed odio dui.</p>', '', 1, 1, '2017-01-30 09:10:12', NULL, NULL, NULL, NULL, NULL, NULL, NULL, 0, NULL, 0),
	(77, 0, 11, 20, 'Units', 'units', '<p>Duis mollis, est non commodo luctus, nisi erat porttitor ligula, eget lacinia odio sem nec elit. Lorem ipsum dolor sit amet, consectetur adipiscing elit. Sed posuere consectetur est at lobortis. Fusce dapibus, tellus ac cursus commodo, tortor mauris condimentum nibh, ut fermentum massa justo sit amet risus. Sed posuere consectetur est at lobortis. Aenean eu leo quam. Pellentesque ornare sem lacinia quam venenatis vestibulum.</p>\r\n\r\n<p>Maecenas faucibus mollis interdum. Morbi leo risus, porta ac consectetur ac, vestibulum at eros. Donec sed odio dui. Praesent commodo cursus magna, vel scelerisque nisl consectetur et. Vivamus sagittis lacus vel augue laoreet rutrum faucibus dolor auctor. Lorem ipsum dolor sit amet, consectetur adipiscing elit.</p>\r\n\r\n<p>Integer posuere erat a ante venenatis dapibus posuere velit aliquet. Morbi leo risus, porta ac consectetur ac, vestibulum at eros. Donec sed odio dui. Praesent commodo cursus magna, vel scelerisque nisl consectetur et. Integer posuere erat a ante venenatis dapibus posuere velit aliquet. Nullam quis risus eget urna mollis ornare vel eu leo. Curabitur blandit tempus porttitor.</p>\r\n\r\n<p>Etiam porta sem malesuada magna mollis euismod. Fusce dapibus, tellus ac cursus commodo, tortor mauris condimentum nibh, ut fermentum massa justo sit amet risus. Integer posuere erat a ante venenatis dapibus posuere velit aliquet. Etiam porta sem malesuada magna mollis euismod.</p>', '', 1, 1, '2017-01-30 09:53:04', NULL, NULL, NULL, NULL, NULL, NULL, NULL, 0, NULL, 0),
	(78, 0, 6, 20, 'Burglary', 'burglary', '<p>Vivamus sagittis lacus vel augue laoreet rutrum faucibus dolor auctor. Donec sed odio dui. Vivamus sagittis lacus vel augue laoreet rutrum faucibus dolor auctor. Cum sociis natoque penatibus et magnis dis parturient montes, nascetur ridiculus mus. Vivamus sagittis lacus vel augue laoreet rutrum faucibus dolor auctor. Cras mattis consectetur purus sit amet fermentum.</p>\r\n\r\n<p>Cras mattis consectetur purus sit amet fermentum. Integer posuere erat a ante venenatis dapibus posuere velit aliquet. Curabitur blandit tempus porttitor. Cras justo odio, dapibus ac facilisis in, egestas eget quam. Praesent commodo cursus magna, vel scelerisque nisl consectetur et.</p>\r\n\r\n<p>Cum sociis natoque penatibus et magnis dis parturient montes, nascetur ridiculus mus. Etiam porta sem malesuada magna mollis euismod. Nulla vitae elit libero, a pharetra augue. Maecenas sed diam eget risus varius blandit sit amet non magna. Cum sociis natoque penatibus et magnis dis parturient montes, nascetur ridiculus mus. Aenean eu leo quam. Pellentesque ornare sem lacinia quam venenatis vestibulum.</p>\r\n\r\n<p>Etiam porta sem malesuada magna mollis euismod. Aenean lacinia bibendum nulla sed consectetur. Lorem ipsum dolor sit amet, consectetur adipiscing elit. Nullam id dolor id nibh ultricies vehicula ut id elit. Sed posuere consectetur est at lobortis. Duis mollis, est non commodo luctus, nisi erat porttitor ligula, eget lacinia odio sem nec elit.</p>\r\n', '', 1, 1, '2017-01-30 10:50:56', NULL, NULL, NULL, NULL, NULL, NULL, NULL, 0, NULL, 0),
	(79, 0, 6, 20, 'Child abuse', 'child-abuse', '<p>Donec sed odio dui. Lorem ipsum dolor sit amet, consectetur adipiscing elit. Cras mattis consectetur purus sit amet fermentum. Cum sociis natoque penatibus et magnis dis parturient montes, nascetur ridiculus mus. Etiam porta sem malesuada magna mollis euismod.</p>\r\n\r\n<p>Aenean lacinia bibendum nulla sed consectetur. Integer posuere erat a ante venenatis dapibus posuere velit aliquet. Etiam porta sem malesuada magna mollis euismod. Maecenas faucibus mollis interdum.</p>\r\n\r\n<p>Cras justo odio, dapibus ac facilisis in, egestas eget quam. Morbi leo risus, porta ac consectetur ac, vestibulum at eros. Cras justo odio, dapibus ac facilisis in, egestas eget quam. Cras justo odio, dapibus ac facilisis in, egestas eget quam. Cras mattis consectetur purus sit amet fermentum. Cum sociis natoque penatibus et magnis dis parturient montes, nascetur ridiculus mus. Nullam quis risus eget urna mollis ornare vel eu leo.</p>\r\n', '', 1, 1, '2017-01-30 10:51:12', NULL, NULL, NULL, NULL, NULL, NULL, NULL, 0, NULL, 0),
	(80, 0, 6, 20, 'Fraud and cybercrime', 'fraud-and-cybercrime', '<p>Etiam porta sem malesuada magna mollis euismod. Sed posuere consectetur est at lobortis. Donec id elit non mi porta gravida at eget metus. Sed posuere consectetur est at lobortis. Donec ullamcorper nulla non metus auctor fringilla. Etiam porta sem malesuada magna mollis euismod. Integer posuere erat a ante venenatis dapibus posuere velit aliquet.</p>\r\n\r\n<p>Cras justo odio, dapibus ac facilisis in, egestas eget quam. Morbi leo risus, porta ac consectetur ac, vestibulum at eros. Morbi leo risus, porta ac consectetur ac, vestibulum at eros. Aenean eu leo quam. Pellentesque ornare sem lacinia quam venenatis vestibulum. Fusce dapibus, tellus ac cursus commodo, tortor mauris condimentum nibh, ut fermentum massa justo sit amet risus.</p>\r\n\r\n<p>Praesent commodo cursus magna, vel scelerisque nisl consectetur et. Integer posuere erat a ante venenatis dapibus posuere velit aliquet. Vivamus sagittis lacus vel augue laoreet rutrum faucibus dolor auctor. Maecenas faucibus mollis interdum. Cras mattis consectetur purus sit amet fermentum. Duis mollis, est non commodo luctus, nisi erat porttitor ligula, eget lacinia odio sem nec elit.</p>\r\n\r\n<p>Sed posuere consectetur est at lobortis. Morbi leo risus, porta ac consectetur ac, vestibulum at eros. Donec sed odio dui. Nullam id dolor id nibh ultricies vehicula ut id elit.</p>\r\n', '', 1, 1, '2017-01-30 10:51:29', NULL, NULL, NULL, NULL, NULL, NULL, NULL, 0, NULL, 0),
	(81, 0, 6, 20, 'Cycle crime', 'cycle-crime-1', '<p>Sed posuere consectetur est at lobortis. Curabitur blandit tempus porttitor. Etiam porta sem malesuada magna mollis euismod. Nulla vitae elit libero, a pharetra augue. Morbi leo risus, porta ac consectetur ac, vestibulum at eros. Cras justo odio, dapibus ac facilisis in, egestas eget quam.</p>\r\n\r\n<p>Morbi leo risus, porta ac consectetur ac, vestibulum at eros. Etiam porta sem malesuada magna mollis euismod. Donec sed odio dui. Integer posuere erat a ante venenatis dapibus posuere velit aliquet. Curabitur blandit tempus porttitor. Nulla vitae elit libero, a pharetra augue. Vestibulum id ligula porta felis euismod semper.</p>\r\n\r\n<p>Duis mollis, est non commodo luctus, nisi erat porttitor ligula, eget lacinia odio sem nec elit. Cum sociis natoque penatibus et magnis dis parturient montes, nascetur ridiculus mus. Curabitur blandit tempus porttitor. Nulla vitae elit libero, a pharetra augue. Maecenas faucibus mollis interdum. Maecenas sed diam eget risus varius blandit sit amet non magna. Curabitur blandit tempus porttitor.</p>\r\n\r\n<p>Aenean lacinia bibendum nulla sed consectetur. Fusce dapibus, tellus ac cursus commodo, tortor mauris condimentum nibh, ut fermentum massa justo sit amet risus. Vestibulum id ligula porta felis euismod semper. Donec ullamcorper nulla non metus auctor fringilla. Aenean eu leo quam. Pellentesque ornare sem lacinia quam venenatis vestibulum. Duis mollis, est non commodo luctus, nisi erat porttitor ligula, eget lacinia odio sem nec elit. Lorem ipsum dolor sit amet, consectetur adipiscing elit.</p>\r\n', '', 1, 1, '2017-01-30 10:51:41', NULL, NULL, NULL, NULL, NULL, NULL, NULL, 0, NULL, 0),
	(82, 0, 6, 20, 'Domestic abuse', 'domestic-abuse', '<p>Vestibulum id ligula porta felis euismod semper. Donec sed odio dui. Morbi leo risus, porta ac consectetur ac, vestibulum at eros. Duis mollis, est non commodo luctus, nisi erat porttitor ligula, eget lacinia odio sem nec elit. Cras justo odio, dapibus ac facilisis in, egestas eget quam. Praesent commodo cursus magna, vel scelerisque nisl consectetur et.</p>\r\n\r\n<p>Donec id elit non mi porta gravida at eget metus. Maecenas sed diam eget risus varius blandit sit amet non magna. Etiam porta sem malesuada magna mollis euismod. Nulla vitae elit libero, a pharetra augue. Aenean eu leo quam. Pellentesque ornare sem lacinia quam venenatis vestibulum. Curabitur blandit tempus porttitor.</p>\r\n\r\n<p>Morbi leo risus, porta ac consectetur ac, vestibulum at eros. Nulla vitae elit libero, a pharetra augue. Donec id elit non mi porta gravida at eget metus. Curabitur blandit tempus porttitor. Fusce dapibus, tellus ac cursus commodo, tortor mauris condimentum nibh, ut fermentum massa justo sit amet risus.</p>\r\n\r\n<p>Morbi leo risus, porta ac consectetur ac, vestibulum at eros. Nullam quis risus eget urna mollis ornare vel eu leo. Maecenas faucibus mollis interdum. Integer posuere erat a ante venenatis dapibus posuere velit aliquet.</p>\r\n', '', 1, 1, '2017-01-30 10:51:58', NULL, NULL, NULL, NULL, NULL, NULL, NULL, 0, NULL, 0),
	(83, 0, 6, 20, 'Hate crime', 'hate-crime', '<p>Integer posuere erat a ante venenatis dapibus posuere velit aliquet. Curabitur blandit tempus porttitor. Cras justo odio, dapibus ac facilisis in, egestas eget quam. Aenean lacinia bibendum nulla sed consectetur.</p>\r\n\r\n<p>Donec ullamcorper nulla non metus auctor fringilla. Praesent commodo cursus magna, vel scelerisque nisl consectetur et. Curabitur blandit tempus porttitor. Donec sed odio dui.</p>\r\n\r\n<p>Aenean eu leo quam. Pellentesque ornare sem lacinia quam venenatis vestibulum. Morbi leo risus, porta ac consectetur ac, vestibulum at eros. Donec id elit non mi porta gravida at eget metus. Praesent commodo cursus magna, vel scelerisque nisl consectetur et.</p>\r\n\r\n<p>Cras justo odio, dapibus ac facilisis in, egestas eget quam. Donec id elit non mi porta gravida at eget metus. Sed posuere consectetur est at lobortis. Cum sociis natoque penatibus et magnis dis parturient montes, nascetur ridiculus mus. Donec ullamcorper nulla non metus auctor fringilla.</p>\r\n', '', 1, 1, '2017-01-30 10:52:13', NULL, NULL, NULL, NULL, NULL, NULL, NULL, 0, NULL, 0),
	(84, 0, 6, 20, 'Robbery', 'robbery', '<p>Fusce dapibus, tellus ac cursus commodo, tortor mauris condimentum nibh, ut fermentum massa justo sit amet risus. Aenean lacinia bibendum nulla sed consectetur. Lorem ipsum dolor sit amet, consectetur adipiscing elit. Aenean eu leo quam. Pellentesque ornare sem lacinia quam venenatis vestibulum. Maecenas sed diam eget risus varius blandit sit amet non magna.</p>\r\n\r\n<p>Morbi leo risus, porta ac consectetur ac, vestibulum at eros. Maecenas faucibus mollis interdum. Sed posuere consectetur est at lobortis. Vivamus sagittis lacus vel augue laoreet rutrum faucibus dolor auctor.</p>\r\n\r\n<p>Maecenas sed diam eget risus varius blandit sit amet non magna. Integer posuere erat a ante venenatis dapibus posuere velit aliquet. Cum sociis natoque penatibus et magnis dis parturient montes, nascetur ridiculus mus. Sed posuere consectetur est at lobortis. Cras justo odio, dapibus ac facilisis in, egestas eget quam. Curabitur blandit tempus porttitor.</p>\r\n', '', 1, 1, '2017-01-30 10:52:33', NULL, NULL, NULL, NULL, NULL, NULL, NULL, 0, NULL, 0),
	(85, 0, 6, 20, 'Vehicle crime', 'vehicle-crime', '<p>Duis mollis, est non commodo luctus, nisi erat porttitor ligula, eget lacinia odio sem nec elit. Donec ullamcorper nulla non metus auctor fringilla. Lorem ipsum dolor sit amet, consectetur adipiscing elit. Maecenas sed diam eget risus varius blandit sit amet non magna. Donec id elit non mi porta gravida at eget metus. Nulla vitae elit libero, a pharetra augue. Vestibulum id ligula porta felis euismod semper.</p>\r\n\r\n<p>Donec id elit non mi porta gravida at eget metus. Curabitur blandit tempus porttitor. Nullam quis risus eget urna mollis ornare vel eu leo. Cras mattis consectetur purus sit amet fermentum. Vivamus sagittis lacus vel augue laoreet rutrum faucibus dolor auctor. Aenean eu leo quam. Pellentesque ornare sem lacinia quam venenatis vestibulum.</p>\r\n\r\n<p>Vestibulum id ligula porta felis euismod semper. Maecenas faucibus mollis interdum. Praesent commodo cursus magna, vel scelerisque nisl consectetur et. Curabitur blandit tempus porttitor. Maecenas sed diam eget risus varius blandit sit amet non magna. Sed posuere consectetur est at lobortis. Donec id elit non mi porta gravida at eget metus.</p>\r\n\r\n<p>Vestibulum id ligula porta felis euismod semper. Etiam porta sem malesuada magna mollis euismod. Cras justo odio, dapibus ac facilisis in, egestas eget quam. Nullam quis risus eget urna mollis ornare vel eu leo. Aenean eu leo quam. Pellentesque ornare sem lacinia quam venenatis vestibulum. Nullam id dolor id nibh ultricies vehicula ut id elit. Donec id elit non mi porta gravida at eget metus.</p>\r\n', '', 1, 1, '2017-01-30 10:52:52', NULL, NULL, NULL, NULL, NULL, NULL, NULL, 0, NULL, 0),
	(86, 0, 6, 20, 'Noise nuisance', 'noise-nuisance', '<p>Cum sociis natoque penatibus et magnis dis parturient montes, nascetur ridiculus mus. Aenean eu leo quam. Pellentesque ornare sem lacinia quam venenatis vestibulum. Morbi leo risus, porta ac consectetur ac, vestibulum at eros. Praesent commodo cursus magna, vel scelerisque nisl consectetur et. Praesent commodo cursus magna, vel scelerisque nisl consectetur et. Lorem ipsum dolor sit amet, consectetur adipiscing elit. Donec sed odio dui.</p>\r\n\r\n<p>Maecenas sed diam eget risus varius blandit sit amet non magna. Fusce dapibus, tellus ac cursus commodo, tortor mauris condimentum nibh, ut fermentum massa justo sit amet risus. Maecenas sed diam eget risus varius blandit sit amet non magna. Etiam porta sem malesuada magna mollis euismod. Morbi leo risus, porta ac consectetur ac, vestibulum at eros.</p>\r\n\r\n<p>Morbi leo risus, porta ac consectetur ac, vestibulum at eros. Vestibulum id ligula porta felis euismod semper. Duis mollis, est non commodo luctus, nisi erat porttitor ligula, eget lacinia odio sem nec elit. Aenean lacinia bibendum nulla sed consectetur. Nullam id dolor id nibh ultricies vehicula ut id elit. Maecenas sed diam eget risus varius blandit sit amet non magna.</p>\r\n\r\n<p>Morbi leo risus, porta ac consectetur ac, vestibulum at eros. Aenean lacinia bibendum nulla sed consectetur. Duis mollis, est non commodo luctus, nisi erat porttitor ligula, eget lacinia odio sem nec elit. Donec id elit non mi porta gravida at eget metus. Curabitur blandit tempus porttitor. Vestibulum id ligula porta felis euismod semper.</p>\r\n', '', 1, 1, '2017-01-30 10:53:20', NULL, NULL, NULL, NULL, NULL, NULL, NULL, 0, NULL, 0),
	(87, 0, 6, 20, 'Loss or theft', 'loss-or-theft', '<p>Curabitur blandit tempus porttitor. Donec id elit non mi porta gravida at eget metus. Nullam id dolor id nibh ultricies vehicula ut id elit. Integer posuere erat a ante venenatis dapibus posuere velit aliquet. Lorem ipsum dolor sit amet, consectetur adipiscing elit. Maecenas faucibus mollis interdum.</p>\r\n\r\n<p>Curabitur blandit tempus porttitor. Vivamus sagittis lacus vel augue laoreet rutrum faucibus dolor auctor. Aenean lacinia bibendum nulla sed consectetur. Etiam porta sem malesuada magna mollis euismod. Nulla vitae elit libero, a pharetra augue.</p>\r\n\r\n<p>Etiam porta sem malesuada magna mollis euismod. Cum sociis natoque penatibus et magnis dis parturient montes, nascetur ridiculus mus. Maecenas faucibus mollis interdum. Vestibulum id ligula porta felis euismod semper. Donec sed odio dui. Curabitur blandit tempus porttitor.</p>\r\n\r\n<p>Donec id elit non mi porta gravida at eget metus. Curabitur blandit tempus porttitor. Donec id elit non mi porta gravida at eget metus. Praesent commodo cursus magna, vel scelerisque nisl consectetur et. Curabitur blandit tempus porttitor. Aenean eu leo quam. Pellentesque ornare sem lacinia quam venenatis vestibulum. Fusce dapibus, tellus ac cursus commodo, tortor mauris condimentum nibh, ut fermentum massa justo sit amet risus.</p>\r\n', '', 1, 1, '2017-01-30 10:54:13', NULL, NULL, NULL, NULL, NULL, NULL, NULL, 0, NULL, 0),
	(88, 0, 10, 20, 'Aenean eu leo quam', 'aenean-eu-leo-quam', '<p>Morbi leo risus, porta ac consectetur ac, vestibulum at eros. Aenean lacinia bibendum nulla sed consectetur. Donec sed odio dui. Aenean eu leo quam. Pellentesque ornare sem lacinia quam venenatis vestibulum. Donec sed odio dui.</p>\r\n\r\n<p>Curabitur blandit tempus porttitor. Integer posuere erat a ante venenatis dapibus posuere velit aliquet. Cras mattis consectetur purus sit amet fermentum. Cras justo odio, dapibus ac facilisis in, egestas eget quam. Curabitur blandit tempus porttitor. Donec sed odio dui.</p>\r\n\r\n<p>Donec id elit non mi porta gravida at eget metus. Vestibulum id ligula porta felis euismod semper. Morbi leo risus, porta ac consectetur ac, vestibulum at eros. Aenean eu leo quam. Pellentesque ornare sem lacinia quam venenatis vestibulum. Donec sed odio dui.</p>\r\n\r\n<p>Vestibulum id ligula porta felis euismod semper. Praesent commodo cursus magna, vel scelerisque nisl consectetur et. Curabitur blandit tempus porttitor. Nulla vitae elit libero, a pharetra augue. Vestibulum id ligula porta felis euismod semper. Cras mattis consectetur purus sit amet fermentum.</p>', '', 1, 1, '2017-02-08 08:26:20', NULL, NULL, NULL, NULL, NULL, NULL, NULL, 1, NULL, 0),
	(89, 0, 10, 20, 'Sed posuere consectetur est at lobortis', 'sed-posuere-consectetur-est-at-lobortis', '<p>Maecenas faucibus mollis interdum. Cum sociis natoque penatibus et magnis dis parturient montes, nascetur ridiculus mus. Cum sociis natoque penatibus et magnis dis parturient montes, nascetur ridiculus mus. Nulla vitae elit libero, a pharetra augue.</p>\r\n\r\n<p>Vestibulum id ligula porta felis euismod semper. Morbi leo risus, porta ac consectetur ac, vestibulum at eros. Aenean lacinia bibendum nulla sed consectetur. Fusce dapibus, tellus ac cursus commodo, tortor mauris condimentum nibh, ut fermentum massa justo sit amet risus. Duis mollis, est non commodo luctus, nisi erat porttitor ligula, eget lacinia odio sem nec elit. Lorem ipsum dolor sit amet, consectetur adipiscing elit.</p>\r\n\r\n<p>Cras justo odio, dapibus ac facilisis in, egestas eget quam. Nullam quis risus eget urna mollis ornare vel eu leo. Etiam porta sem malesuada magna mollis euismod. Etiam porta sem malesuada magna mollis euismod. Vestibulum id ligula porta felis euismod semper. Curabitur blandit tempus porttitor.</p>\r\n\r\n<p>Nullam quis risus eget urna mollis ornare vel eu leo. Vivamus sagittis lacus vel augue laoreet rutrum faucibus dolor auctor. Cras mattis consectetur purus sit amet fermentum. Donec ullamcorper nulla non metus auctor fringilla. Morbi leo risus, porta ac consectetur ac, vestibulum at eros. Nullam quis risus eget urna mollis ornare vel eu leo. Lorem ipsum dolor sit amet, consectetur adipiscing elit.</p>', '', 1, 1, '2017-02-08 08:26:37', NULL, NULL, NULL, NULL, NULL, NULL, NULL, 2, NULL, 0),
	(90, 0, 10, 20, 'Curabitur blandit tempus porttitor', 'curabitur-blandit-tempus-porttitor', '<p>Vestibulum id ligula porta felis euismod semper. Donec id elit non mi porta gravida at eget metus. Vivamus sagittis lacus vel augue laoreet rutrum faucibus dolor auctor. Sed posuere consectetur est at lobortis. Cum sociis natoque penatibus et magnis dis parturient montes, nascetur ridiculus mus. Vivamus sagittis lacus vel augue laoreet rutrum faucibus dolor auctor. Aenean lacinia bibendum nulla sed consectetur.</p>\r\n\r\n<p>Lorem ipsum dolor sit amet, consectetur adipiscing elit. Duis mollis, est non commodo luctus, nisi erat porttitor ligula, eget lacinia odio sem nec elit. Lorem ipsum dolor sit amet, consectetur adipiscing elit. Aenean eu leo quam. Pellentesque ornare sem lacinia quam venenatis vestibulum. Fusce dapibus, tellus ac cursus commodo, tortor mauris condimentum nibh, ut fermentum massa justo sit amet risus.</p>\r\n\r\n<p>Aenean eu leo quam. Pellentesque ornare sem lacinia quam venenatis vestibulum. Etiam porta sem malesuada magna mollis euismod. Maecenas faucibus mollis interdum. Vestibulum id ligula porta felis euismod semper.</p>\r\n\r\n<p>Duis mollis, est non commodo luctus, nisi erat porttitor ligula, eget lacinia odio sem nec elit. Aenean lacinia bibendum nulla sed consectetur. Sed posuere consectetur est at lobortis. Donec sed odio dui.</p>', '', 1, 1, '2017-02-08 08:26:52', NULL, NULL, NULL, NULL, NULL, NULL, NULL, 3, NULL, 0),
	(91, 0, 10, 20, 'Curabitur blandit tempus porttitor', 'curabitur-blandit-tempus-porttitor', '<p>Integer posuere erat a ante venenatis dapibus posuere velit aliquet. Nullam quis risus eget urna mollis ornare vel eu leo. Curabitur blandit tempus porttitor. Nulla vitae elit libero, a pharetra augue. Cum sociis natoque penatibus et magnis dis parturient montes, nascetur ridiculus mus. Aenean lacinia bibendum nulla sed consectetur.</p>\r\n\r\n<p>Cras mattis consectetur purus sit amet fermentum. Lorem ipsum dolor sit amet, consectetur adipiscing elit. Aenean lacinia bibendum nulla sed consectetur. Vivamus sagittis lacus vel augue laoreet rutrum faucibus dolor auctor. Morbi leo risus, porta ac consectetur ac, vestibulum at eros. Maecenas faucibus mollis interdum. Integer posuere erat a ante venenatis dapibus posuere velit aliquet.</p>\r\n\r\n<p>Etiam porta sem malesuada magna mollis euismod. Nulla vitae elit libero, a pharetra augue. Maecenas sed diam eget risus varius blandit sit amet non magna. Morbi leo risus, porta ac consectetur ac, vestibulum at eros. Vivamus sagittis lacus vel augue laoreet rutrum faucibus dolor auctor.</p>\r\n\r\n<p>Vestibulum id ligula porta felis euismod semper. Lorem ipsum dolor sit amet, consectetur adipiscing elit. Cras mattis consectetur purus sit amet fermentum. Donec id elit non mi porta gravida at eget metus.</p>', '', 1, 1, '2017-02-08 08:27:09', NULL, NULL, NULL, NULL, NULL, NULL, NULL, 4, NULL, 0),
	(92, 0, 10, 20, 'Maecenas sed diam eget risus', 'maecenas-sed-diam-eget-risus', '<p>Vivamus sagittis lacus vel augue laoreet rutrum faucibus dolor auctor. Fusce dapibus, tellus ac cursus commodo, tortor mauris condimentum nibh, ut fermentum massa justo sit amet risus. Maecenas sed diam eget risus varius blandit sit amet non magna. Vivamus sagittis lacus vel augue laoreet rutrum faucibus dolor auctor.</p>\r\n\r\n<p>Vestibulum id ligula porta felis euismod semper. Nullam id dolor id nibh ultricies vehicula ut id elit. Donec sed odio dui. Etiam porta sem malesuada magna mollis euismod. Etiam porta sem malesuada magna mollis euismod. Lorem ipsum dolor sit amet, consectetur adipiscing elit.</p>\r\n\r\n<p>Aenean eu leo quam. Pellentesque ornare sem lacinia quam venenatis vestibulum. Nullam quis risus eget urna mollis ornare vel eu leo. Lorem ipsum dolor sit amet, consectetur adipiscing elit. Maecenas faucibus mollis interdum.</p>\r\n\r\n<p>Nullam id dolor id nibh ultricies vehicula ut id elit. Nulla vitae elit libero, a pharetra augue. Integer posuere erat a ante venenatis dapibus posuere velit aliquet. Sed posuere consectetur est at lobortis. Integer posuere erat a ante venenatis dapibus posuere velit aliquet. Fusce dapibus, tellus ac cursus commodo, tortor mauris condimentum nibh, ut fermentum massa justo sit amet risus. Maecenas sed diam eget risus varius blandit sit amet non magna.</p>', '', 1, 1, '2017-02-08 08:27:28', 1, '2017-02-08 08:27:38', NULL, NULL, NULL, NULL, NULL, 5, NULL, 0),
	(93, 0, 9, 20, 'Integer posuere erat a ante venenatis', 'integer-posuere-erat-a-ante-venenatis', '<p>Maecenas sed diam eget risus varius blandit sit amet non magna. Etiam porta sem malesuada magna mollis euismod. Curabitur blandit tempus porttitor. Praesent commodo cursus magna, vel scelerisque nisl consectetur et.</p>\r\n\r\n<p>Nullam id dolor id nibh ultricies vehicula ut id elit. Maecenas sed diam eget risus varius blandit sit amet non magna. Curabitur blandit tempus porttitor. Morbi leo risus, porta ac consectetur ac, vestibulum at eros. Cras mattis consectetur purus sit amet fermentum. Cras justo odio, dapibus ac facilisis in, egestas eget quam.</p>\r\n\r\n<p>Praesent commodo cursus magna, vel scelerisque nisl consectetur et. Maecenas faucibus mollis interdum. Lorem ipsum dolor sit amet, consectetur adipiscing elit. Integer posuere erat a ante venenatis dapibus posuere velit aliquet. Vivamus sagittis lacus vel augue laoreet rutrum faucibus dolor auctor.</p>\r\n\r\n<p>Nullam quis risus eget urna mollis ornare vel eu leo. Nullam quis risus eget urna mollis ornare vel eu leo. Fusce dapibus, tellus ac cursus commodo, tortor mauris condimentum nibh, ut fermentum massa justo sit amet risus. Sed posuere consectetur est at lobortis.</p>', '', 1, 1, '2017-02-08 08:28:05', NULL, NULL, NULL, NULL, NULL, NULL, NULL, 1, NULL, 0),
	(94, 0, 9, NULL, 'Etiam porta sem malesuada magna', 'etiam-porta-sem-malesuada-magna', '<p>Morbi leo risus, porta ac consectetur ac, vestibulum at eros. Sed posuere consectetur est at lobortis. Nulla vitae elit libero, a pharetra augue. Nulla vitae elit libero, a pharetra augue.</p>\r\n\r\n<p>Fusce dapibus, tellus ac cursus commodo, tortor mauris condimentum nibh, ut fermentum massa justo sit amet risus. Cras mattis consectetur purus sit amet fermentum. Nulla vitae elit libero, a pharetra augue. Donec ullamcorper nulla non metus auctor fringilla. Integer posuere erat a ante venenatis dapibus posuere velit aliquet.</p>\r\n\r\n<p>Integer posuere erat a ante venenatis dapibus posuere velit aliquet. Morbi leo risus, porta ac consectetur ac, vestibulum at eros. Curabitur blandit tempus porttitor. Cras mattis consectetur purus sit amet fermentum.</p>\r\n\r\n<p>Donec sed odio dui. Vestibulum id ligula porta felis euismod semper. Etiam porta sem malesuada magna mollis euismod. Etiam porta sem malesuada magna mollis euismod. Donec ullamcorper nulla non metus auctor fringilla. Vestibulum id ligula porta felis euismod semper.</p>', '', 1, 1, '2017-02-08 08:28:23', NULL, NULL, NULL, NULL, NULL, NULL, NULL, 2, NULL, 0),
	(95, 0, 9, 20, 'Lorem ipsum dolor sit amet', 'lorem-ipsum-dolor-sit-amet', '<p>Nullam id dolor id nibh ultricies vehicula ut id elit. Aenean lacinia bibendum nulla sed consectetur. Cras justo odio, dapibus ac facilisis in, egestas eget quam. Curabitur blandit tempus porttitor. Donec ullamcorper nulla non metus auctor fringilla. Nullam quis risus eget urna mollis ornare vel eu leo.</p>\r\n\r\n<p>Vivamus sagittis lacus vel augue laoreet rutrum faucibus dolor auctor. Vestibulum id ligula porta felis euismod semper. Donec ullamcorper nulla non metus auctor fringilla. Cum sociis natoque penatibus et magnis dis parturient montes, nascetur ridiculus mus. Nullam id dolor id nibh ultricies vehicula ut id elit.</p>\r\n\r\n<p>Curabitur blandit tempus porttitor. Lorem ipsum dolor sit amet, consectetur adipiscing elit. Donec ullamcorper nulla non metus auctor fringilla. Maecenas faucibus mollis interdum. Donec id elit non mi porta gravida at eget metus.</p>\r\n\r\n<p>Etiam porta sem malesuada magna mollis euismod. Fusce dapibus, tellus ac cursus commodo, tortor mauris condimentum nibh, ut fermentum massa justo sit amet risus. Maecenas sed diam eget risus varius blandit sit amet non magna. Nullam quis risus eget urna mollis ornare vel eu leo.</p>', '', 1, 1, '2017-02-08 08:28:41', NULL, NULL, NULL, NULL, NULL, NULL, NULL, 3, NULL, 0),
	(96, 0, 9, 20, 'Nullam quis risus eget urna mollis ornare vel eu leo', 'nullam-quis-risus-eget-urna-mollis-ornare-vel-eu-leo', '<p>Donec id elit non mi porta gravida at eget metus. Etiam porta sem malesuada magna mollis euismod. Donec ullamcorper nulla non metus auctor fringilla. Sed posuere consectetur est at lobortis.</p>\r\n\r\n<p>Lorem ipsum dolor sit amet, consectetur adipiscing elit. Curabitur blandit tempus porttitor. Donec sed odio dui. Aenean lacinia bibendum nulla sed consectetur. Cras mattis consectetur purus sit amet fermentum. Donec ullamcorper nulla non metus auctor fringilla. Maecenas faucibus mollis interdum.</p>\r\n\r\n<p>Curabitur blandit tempus porttitor. Vestibulum id ligula porta felis euismod semper. Cras justo odio, dapibus ac facilisis in, egestas eget quam. Cras mattis consectetur purus sit amet fermentum. Nullam quis risus eget urna mollis ornare vel eu leo. Donec ullamcorper nulla non metus auctor fringilla.</p>\r\n\r\n<p>Lorem ipsum dolor sit amet, consectetur adipiscing elit. Nullam quis risus eget urna mollis ornare vel eu leo. Vivamus sagittis lacus vel augue laoreet rutrum faucibus dolor auctor. Maecenas sed diam eget risus varius blandit sit amet non magna. Maecenas sed diam eget risus varius blandit sit amet non magna. Nullam id dolor id nibh ultricies vehicula ut id elit.</p>', '', 1, 1, '2017-02-08 08:29:00', NULL, NULL, NULL, NULL, NULL, NULL, NULL, 4, NULL, 0),
	(97, 0, 9, 20, 'Cras justo odio', 'cras-justo-odio', '<p>Curabitur blandit tempus porttitor. Cum sociis natoque penatibus et magnis dis parturient montes, nascetur ridiculus mus. Maecenas faucibus mollis interdum. Donec ullamcorper nulla non metus auctor fringilla. Duis mollis, est non commodo luctus, nisi erat porttitor ligula, eget lacinia odio sem nec elit. Sed posuere consectetur est at lobortis.</p>\r\n\r\n<p>Nulla vitae elit libero, a pharetra augue. Cras justo odio, dapibus ac facilisis in, egestas eget quam. Integer posuere erat a ante venenatis dapibus posuere velit aliquet. Donec sed odio dui. Donec id elit non mi porta gravida at eget metus. Cras justo odio, dapibus ac facilisis in, egestas eget quam.</p>\r\n\r\n<p>Aenean eu leo quam. Pellentesque ornare sem lacinia quam venenatis vestibulum. Donec sed odio dui. Duis mollis, est non commodo luctus, nisi erat porttitor ligula, eget lacinia odio sem nec elit. Donec ullamcorper nulla non metus auctor fringilla.</p>\r\n\r\n<p>Nullam quis risus eget urna mollis ornare vel eu leo. Maecenas faucibus mollis interdum. Sed posuere consectetur est at lobortis. Sed posuere consectetur est at lobortis.</p>', '', 1, 1, '2017-02-08 08:29:19', NULL, NULL, NULL, NULL, NULL, NULL, NULL, 5, NULL, 0),
	(98, 0, 1, 21, 'Driving license', 'driving-license', '<p>Cras mattis consectetur purus sit amet fermentum. Lorem ipsum dolor sit amet, consectetur adipiscing elit. Maecenas faucibus mollis interdum. Integer posuere erat a ante venenatis dapibus posuere velit aliquet. Cras justo odio, dapibus ac facilisis in, egestas eget quam. Aenean eu leo quam. Pellentesque ornare sem lacinia quam venenatis vestibulum. Curabitur blandit tempus porttitor.</p>\r\n\r\n<p>Nulla vitae elit libero, a pharetra augue. Duis mollis, est non commodo luctus, nisi erat porttitor ligula, eget lacinia odio sem nec elit. Vivamus sagittis lacus vel augue laoreet rutrum faucibus dolor auctor. Integer posuere erat a ante venenatis dapibus posuere velit aliquet. Cras mattis consectetur purus sit amet fermentum. Morbi leo risus, porta ac consectetur ac, vestibulum at eros. Donec sed odio dui.</p>\r\n\r\n<p>Donec ullamcorper nulla non metus auctor fringilla. Vestibulum id ligula porta felis euismod semper. Nulla vitae elit libero, a pharetra augue. Vestibulum id ligula porta felis euismod semper.</p>\r\n\r\n<p>Nulla vitae elit libero, a pharetra augue. Nullam id dolor id nibh ultricies vehicula ut id elit. Fusce dapibus, tellus ac cursus commodo, tortor mauris condimentum nibh, ut fermentum massa justo sit amet risus. Integer posuere erat a ante venenatis dapibus posuere velit aliquet. Donec id elit non mi porta gravida at eget metus.</p>', '', 1, 1, '2017-01-26 13:15:48', NULL, NULL, NULL, NULL, NULL, NULL, NULL, 0, NULL, 0);



INSERT INTO `attachments` (`attachments_attachment_id`, `name`, `container`, `path`, `hash`, `description`, `created_by`, `created_on`, `modified_by`, `modified_on`, `locked_by`, `locked_on`)
VALUES
	(1, 'myAvatar (4).png', 'attachments-attachments', '5bafe279da2571f4acd0607a52701188.png', 'c0c9cbda383027e19d69a23e58826fa4', NULL, 1, '2017-02-03 09:33:19', NULL, NULL, NULL, NULL),
	(2, 'myAvatar (2).png', 'attachments-attachments', '0bed6fd4478881b4dec821129a95b8a0.png', '90964aa626347cc6dae7ee9f88ca752b', NULL, 1, '2017-02-03 09:34:06', NULL, NULL, NULL, NULL),
	(3, 'myAvatar (5).png', 'attachments-attachments', '739e11eb8e90a6d3b064fab1aa15fd8d.png', '23feb7fce7cc61c190d93f2d28b183c1', NULL, 1, '2017-02-03 09:34:41', NULL, NULL, NULL, NULL),
	(4, 'myAvatar (3).png', 'attachments-attachments', '8f460761fa9ec0c60380c19d3795acd8.png', 'c681a3fc9709123f83d517d19cbe3fe7', NULL, 1, '2017-02-03 09:34:58', NULL, NULL, NULL, NULL);



INSERT INTO `attachments_relations` (`attachments_attachment_id`, `table`, `row`)
VALUES
	(1, 'districts_officers', 1),
	(2, 'districts_officers', 2),
	(3, 'districts_officers', 3),
	(4, 'districts_officers', 4);



INSERT INTO `categories` (`categories_category_id`, `parent_id`, `attachments_attachment_id`, `title`, `slug`, `image`, `table`, `description`, `published`, `created_by`, `created_on`, `modified_by`, `modified_on`, `locked_by`, `locked_on`, `ordering`, `access`, `params`)
VALUES
	(1, 0, 0, 'Licences and permits', 'licences-and-permits', '', 'articles', '', 1, 1, '2017-01-26 12:21:09', 1, '2017-01-26 12:23:11', NULL, NULL, 1, 0, ''),
	(2, 0, 0, 'Theft, burglary or loss', 'theft-burglary-or-loss', '', 'articles', '', 1, 1, '2017-01-26 12:23:38', NULL, NULL, NULL, NULL, 2, 0, ''),
	(3, 0, 0, 'Road safety', 'road-safety', '', 'articles', '', 1, 1, '2017-01-26 12:23:57', 1, '2017-02-08 08:25:03', NULL, NULL, 3, 0, ''),
	(4, 0, 0, 'Prevention', 'prevention', '', 'articles', '', 1, 1, '2017-01-26 12:24:29', NULL, NULL, NULL, NULL, 4, 0, ''),
	(5, 0, 0, 'Contact us', 'contact-us', '', 'articles', '', 1, 1, '2017-01-26 12:24:42', 1, '2017-01-26 12:29:27', NULL, NULL, 5, 0, ''),
	(6, 0, 0, 'Declaration or report', 'declaration-or-report', '', 'articles', '', 1, 1, '2017-01-26 12:25:51', NULL, NULL, NULL, NULL, 6, 0, ''),
	(7, 3, 0, 'Fine', 'fine', '', 'articles', '', 1, 1, '2017-01-27 09:04:25', 1, '2017-01-27 09:05:11', NULL, NULL, 1, 0, ''),
	(8, 3, 0, 'Accident', 'accident', '', 'articles', '', 1, 1, '2017-01-27 09:04:55', NULL, NULL, NULL, NULL, 2, 0, ''),
	(9, 3, 0, 'Regulations', 'regulations', '', 'articles', '', 1, 1, '2017-01-27 09:05:58', NULL, NULL, NULL, NULL, 3, 0, ''),
	(10, 3, 0, 'Parking', 'parking', '', 'articles', '', 1, 1, '2017-01-27 09:06:17', NULL, NULL, NULL, NULL, 4, 0, ''),
	(11, 0, 0, 'About us', 'about-us', '', 'articles', '', 1, 1, '2017-01-30 08:58:14', NULL, NULL, NULL, NULL, 7, 0, '');




INSERT INTO `contacts` (`contacts_contact_id`, `contacts_category_id`, `title`, `slug`, `name`, `position`, `number`, `postcode`, `telephone`, `fax`, `misc`, `email_to`, `url`, `published`, `created_by`, `created_on`, `modified_by`, `modified_on`, `locked_by`, `locked_on`, `ordering`, `params`, `mobile`)
VALUES
	(1, 2, 'Crime prevention', 'crime-prevention', NULL, NULL, '5', '1234', '219-228-7597', NULL, NULL, 'prevention@example.com', NULL, 1, 1, '2017-01-30 09:54:51', 1, '2017-02-06 13:13:20', NULL, NULL, 2, 'open_24_7=\"0\"', ''),
	(2, 3, 'Police', 'police', NULL, NULL, NULL, NULL, '101', NULL, NULL, NULL, NULL, 1, 1, '2017-02-01 10:15:04', NULL, NULL, NULL, NULL, 1, 'open_24_7=\"0\"', ''),
	(3, 3, 'European emergency number', 'european-emergency-number', NULL, NULL, NULL, NULL, '112', NULL, NULL, NULL, NULL, 1, 1, '2017-02-01 10:15:35', NULL, NULL, NULL, NULL, 2, 'open_24_7=\"0\"', ''),
	(4, 3, 'Child abuse', 'child-abuse', NULL, NULL, NULL, NULL, '116', NULL, NULL, NULL, NULL, 1, 1, '2017-02-01 10:15:51', NULL, NULL, NULL, NULL, 3, 'open_24_7=\"0\"', ''),
	(5, 3, 'Youth phone', 'youth-phone', NULL, NULL, NULL, NULL, '102', NULL, NULL, NULL, NULL, 1, 1, '2017-02-01 10:16:26', NULL, NULL, NULL, NULL, 4, 'open_24_7=\"0\"', ''),
	(6, 3, 'Card Stop', 'card-stop', NULL, NULL, NULL, NULL, '070 34 43 44', NULL, NULL, NULL, NULL, 1, 1, '2017-02-01 10:16:40', NULL, NULL, NULL, NULL, 5, 'open_24_7=\"0\"', ''),
	(7, 3, 'Doc Stop', 'doc-stop', NULL, NULL, NULL, NULL, '00800 2123 2123', NULL, NULL, NULL, NULL, 1, 1, '2017-02-01 10:16:58', NULL, NULL, NULL, NULL, 6, 'open_24_7=\"0\"', ''),
	(8, 3, 'Child Focus', 'child-focus', NULL, NULL, NULL, NULL, '116000', NULL, NULL, NULL, NULL, 1, 1, '2017-02-01 10:17:14', NULL, NULL, NULL, NULL, 7, 'open_24_7=\"0\"', ''),
	(9, 1, 'Greenway Police Station', 'greenway-police-station', NULL, NULL, '14', '1234', '123 456 789', NULL, NULL, 'greenway@example.com', NULL, 1, 1, '2017-02-01 10:34:44', 1, '2017-02-03 09:27:21', NULL, NULL, 2, 'open_24_7=\"1\"', ''),
	(10, 1, 'Bowdon Police Station', 'bowdon-police-station', NULL, NULL, '14', '1234', '123 456 789', NULL, NULL, 'bowdon@example.com', NULL, 1, 1, '2017-02-01 10:35:08', 1, '2017-02-03 09:27:41', NULL, NULL, 1, 'open_24_7=\"0\"', ''),
	(11, 1, 'Peachtree City Police Station', 'peachtree-city-police-station', NULL, NULL, '14', '1234', '123 456 789', NULL, NULL, 'peachtree-city@example.com', NULL, 1, 1, '2017-02-01 10:35:30', 1, '2017-02-03 09:28:21', NULL, NULL, 5, 'open_24_7=\"0\"', ''),
	(12, 1, 'Delanson Police Station', 'delanson-police-station', NULL, NULL, '14', '1234', '123 456 789', NULL, NULL, 'delanson@example.com', NULL, 1, 1, '2017-02-01 10:36:50', 1, '2017-02-03 09:28:05', NULL, NULL, 3, 'open_24_7=\"0\"', ''),
	(13, 1, 'Tuppers Plains Police Station', 'tuppers-plains-police-station', NULL, NULL, '14', '1234', '123 456 789', NULL, NULL, 'tuppersplains@example.com', NULL, 1, 1, '2017-02-01 10:37:11', 1, '2017-02-03 09:28:39', NULL, NULL, 7, 'open_24_7=\"0\"', ''),
	(14, 1, 'Houston Lake Police Station', 'houston-lake-police-station', NULL, NULL, '14', '1234', '123 456 789', NULL, NULL, 'houstonlake@example.com', NULL, 1, 1, '2017-02-01 10:37:35', 1, '2017-02-03 09:28:13', NULL, NULL, 4, 'open_24_7=\"0\"', ''),
	(15, 1, 'Saratoga Springs Police Station', 'saratoga-springs-police-station', NULL, NULL, '14', '1234', '123 456 789', NULL, NULL, 'saratogasprings@example.com', NULL, 1, 1, '2017-02-01 10:37:58', 1, '2017-02-03 09:28:30', NULL, NULL, 6, 'open_24_7=\"0\"', ''),
	(16, 2, 'Student safety', 'student-safety', NULL, NULL, '5', '1234', '219-228-7597', NULL, NULL, 'student@example.com', NULL, 1, 1, '2017-02-06 13:13:45', NULL, NULL, NULL, NULL, 3, 'open_24_7=\"0\"', ''),
	(17, 2, 'Spokesman', 'spokesman', NULL, NULL, '5', '1234', '219-228-7597', NULL, NULL, 'press@example.com', NULL, 1, 1, '2017-02-06 13:14:28', NULL, NULL, NULL, NULL, 4, 'open_24_7=\"0\"', ''),
	(18, 2, 'Lost & found', 'lost-and-found', NULL, NULL, '5', '1234', '219-228-7597', NULL, NULL, 'lost@example.com', NULL, 1, 1, '2017-02-06 13:14:51', NULL, NULL, NULL, NULL, 5, 'open_24_7=\"0\"', ''),
	(19, 2, 'Human resource management', 'human-resource-management', NULL, NULL, '5', '1234', '219-228-7597', NULL, NULL, 'hrm@example.com', NULL, 1, 1, '2017-02-06 13:15:09', 1, '2017-02-06 13:16:06', NULL, NULL, 6, 'open_24_7=\"0\"', ''),
	(20, 2, 'Reception', 'reception', NULL, NULL, '5', '1234', '219-228-7597', NULL, NULL, 'reception@example.com', NULL, 1, 1, '2017-02-06 13:15:51', 1, '2017-02-06 13:25:32', NULL, NULL, 1, 'open_24_7=\"1\"', ''),
	(21, 2, 'Licenses & permits', 'licenses-permists', NULL, NULL, '5', '1234', '219-228-7597', NULL, NULL, 'permits@example.com', NULL, 1, 1, '2017-02-06 13:15:51', 1, '2017-02-06 13:25:32', NULL, NULL, 1, 'open_24_7=\"0\"', '');



INSERT INTO `contacts_categories` (`contacts_category_id`, `parent_id`, `attachments_attachment_id`, `title`, `slug`, `description`, `published`, `hidden`, `created_by`, `created_on`, `modified_by`, `modified_on`, `locked_by`, `locked_on`, `ordering`, `params`)
VALUES
	(1, 0, 0, 'Stations', 'stations', '', 1, 0, 1, '2017-01-27 11:24:01', NULL, NULL, NULL, NULL, 0, ''),
	(2, 0, 0, 'Services', 'services', '', 1, 0, 1, '2017-01-27 11:24:11', NULL, NULL, NULL, NULL, 0, ''),
	(3, 0, 0, 'Emergency and support lines', 'emergency-and-support-lines', '', 1, 0, 1, '2017-01-27 11:24:41', NULL, NULL, NULL, NULL, 0, '');



INSERT INTO `contacts_hours` (`contacts_hour_id`, `contacts_contact_id`, `day_of_week`, `date`, `opening_time`, `closing_time`, `appointment`, `note`, `published`, `created_by`, `created_on`, `modified_by`, `modified_on`, `locked_by`, `locked_on`, `params`)
VALUES
	(1, 10, 1, NULL, '08:00:00', '16:00:00', NULL, NULL, 1, 1, '2017-02-01 10:41:45', NULL, NULL, NULL, NULL, NULL),
	(2, 10, 2, NULL, '08:00:00', '16:00:00', NULL, NULL, 1, 1, '2017-02-01 10:42:11', NULL, NULL, NULL, NULL, NULL),
	(3, 10, 3, NULL, '08:00:00', '16:00:00', NULL, NULL, 1, 1, '2017-02-01 10:42:11', NULL, NULL, NULL, NULL, NULL),
	(4, 10, 4, NULL, '08:00:00', '16:00:00', NULL, NULL, 1, 1, '2017-02-01 10:42:11', NULL, NULL, NULL, NULL, NULL),
	(5, 10, 5, NULL, '08:00:00', '16:00:00', NULL, NULL, 1, 1, '2017-02-01 10:42:11', NULL, NULL, NULL, NULL, NULL),
	(6, 12, 1, NULL, '08:00:00', '16:00:00', NULL, NULL, 1, 1, '2017-02-01 10:41:45', NULL, NULL, NULL, NULL, NULL),
	(7, 12, 2, NULL, '08:00:00', '16:00:00', NULL, NULL, 1, 1, '2017-02-01 10:42:11', NULL, NULL, NULL, NULL, NULL),
	(8, 13, 3, NULL, '08:00:00', '16:00:00', NULL, NULL, 1, 1, '2017-02-01 10:42:11', NULL, NULL, NULL, NULL, NULL),
	(9, 14, 4, NULL, '08:00:00', '16:00:00', NULL, NULL, 1, 1, '2017-02-01 10:42:11', NULL, NULL, NULL, NULL, NULL),
	(10, 15, 5, NULL, '08:00:00', '16:00:00', NULL, NULL, 1, 1, '2017-02-01 10:42:11', NULL, NULL, NULL, NULL, NULL),
	(11, 14, 1, NULL, '08:00:00', '16:00:00', NULL, NULL, 1, 1, '2017-02-01 10:41:45', NULL, NULL, NULL, NULL, NULL),
	(12, 14, 2, NULL, '08:00:00', '16:00:00', NULL, NULL, 1, 1, '2017-02-01 10:42:11', NULL, NULL, NULL, NULL, NULL),
	(13, 14, 3, NULL, '08:00:00', '16:00:00', NULL, NULL, 1, 1, '2017-02-01 10:42:11', NULL, NULL, NULL, NULL, NULL),
	(15, 14, 5, NULL, '08:00:00', '16:00:00', NULL, NULL, 1, 1, '2017-02-01 10:42:11', NULL, NULL, NULL, NULL, NULL),
	(16, 11, 1, NULL, '08:00:00', '16:00:00', NULL, NULL, 1, 1, '2017-02-01 10:41:45', NULL, NULL, NULL, NULL, NULL),
	(17, 11, 2, NULL, '08:00:00', '16:00:00', NULL, NULL, 1, 1, '2017-02-01 10:42:11', NULL, NULL, NULL, NULL, NULL),
	(18, 11, 3, NULL, '08:00:00', '16:00:00', NULL, NULL, 1, 1, '2017-02-01 10:42:11', NULL, NULL, NULL, NULL, NULL),
	(19, 11, 4, NULL, '08:00:00', '16:00:00', NULL, NULL, 1, 1, '2017-02-01 10:42:11', NULL, NULL, NULL, NULL, NULL),
	(20, 11, 5, NULL, '08:00:00', '16:00:00', NULL, NULL, 1, 1, '2017-02-01 10:42:11', NULL, NULL, NULL, NULL, NULL),
	(21, 15, 1, NULL, '08:00:00', '16:00:00', NULL, NULL, 1, 1, '2017-02-01 10:41:45', NULL, NULL, NULL, NULL, NULL),
	(22, 15, 2, NULL, '08:00:00', '16:00:00', NULL, NULL, 1, 1, '2017-02-01 10:42:11', NULL, NULL, NULL, NULL, NULL),
	(23, 15, 3, NULL, '08:00:00', '16:00:00', NULL, NULL, 1, 1, '2017-02-01 10:42:11', NULL, NULL, NULL, NULL, NULL),
	(24, 15, 4, NULL, '08:00:00', '16:00:00', NULL, NULL, 1, 1, '2017-02-01 10:42:11', NULL, NULL, NULL, NULL, NULL),
	(26, 13, 1, NULL, '08:00:00', '16:00:00', NULL, NULL, 1, 1, '2017-02-01 10:41:45', NULL, NULL, NULL, NULL, NULL),
	(27, 13, 2, NULL, '08:00:00', '16:00:00', NULL, NULL, 1, 1, '2017-02-01 10:42:11', NULL, NULL, NULL, NULL, NULL),
	(29, 13, 4, NULL, '08:00:00', '16:00:00', NULL, NULL, 1, 1, '2017-02-01 10:42:11', NULL, NULL, NULL, NULL, NULL),
	(30, 13, 5, NULL, '08:00:00', '16:00:00', NULL, NULL, 1, 1, '2017-02-01 10:42:11', NULL, NULL, NULL, NULL, NULL),
	(31, 12, 3, NULL, '08:00:00', '17:00:00', NULL, NULL, 1, 1, '2017-02-01 10:46:52', NULL, NULL, NULL, NULL, NULL),
	(32, 12, 4, NULL, '08:00:00', '16:00:00', NULL, NULL, 1, 1, '2017-02-01 10:47:08', NULL, NULL, NULL, NULL, NULL),
	(33, 12, 5, NULL, '08:00:00', '17:00:00', NULL, NULL, 1, 1, '2017-02-01 10:47:24', 1, '2017-02-01 10:48:29', NULL, NULL, NULL),
	(34, 9, 1, NULL, '08:00:00', '16:00:00', NULL, NULL, 1, 1, '2017-02-01 10:41:45', NULL, NULL, NULL, NULL, NULL),
	(35, 9, 2, NULL, '08:00:00', '16:00:00', NULL, NULL, 1, 1, '2017-02-01 10:42:11', NULL, NULL, NULL, NULL, NULL),
	(36, 9, 3, NULL, '08:00:00', '16:00:00', NULL, NULL, 1, 1, '2017-02-01 10:42:11', NULL, NULL, NULL, NULL, NULL),
	(37, 9, 4, NULL, '08:00:00', '16:00:00', NULL, NULL, 1, 1, '2017-02-01 10:42:11', NULL, NULL, NULL, NULL, NULL),
	(38, 9, 5, NULL, '08:00:00', '16:00:00', NULL, NULL, 1, 1, '2017-02-01 10:42:11', NULL, NULL, NULL, NULL, NULL),
	(39, 1, 1, NULL, '08:00:00', '16:00:00', NULL, NULL, 1, 1, '2017-02-01 10:41:45', NULL, NULL, NULL, NULL, NULL),
	(40, 1, 2, NULL, '08:00:00', '16:00:00', NULL, NULL, 1, 1, '2017-02-01 10:42:11', NULL, NULL, NULL, NULL, NULL),
	(41, 1, 3, NULL, '08:00:00', '16:00:00', NULL, NULL, 1, 1, '2017-02-01 10:42:11', NULL, NULL, NULL, NULL, NULL),
	(42, 1, 4, NULL, '08:00:00', '16:00:00', NULL, NULL, 1, 1, '2017-02-01 10:42:11', NULL, NULL, NULL, NULL, NULL),
	(43, 1, 5, NULL, '08:00:00', '16:00:00', NULL, NULL, 1, 1, '2017-02-01 10:42:11', NULL, NULL, NULL, NULL, NULL),
	(44, 21, 1, NULL, '08:00:00', '16:00:00', NULL, NULL, 1, 1, '2017-02-01 10:41:45', NULL, NULL, NULL, NULL, NULL),
	(45, 21, 2, NULL, '08:00:00', '16:00:00', NULL, NULL, 1, 1, '2017-02-01 10:42:11', NULL, NULL, NULL, NULL, NULL),
	(46, 21, 3, NULL, '08:00:00', '16:00:00', NULL, NULL, 1, 1, '2017-02-01 10:42:11', NULL, NULL, NULL, NULL, NULL),
	(47, 21, 4, NULL, '08:00:00', '16:00:00', NULL, NULL, 1, 1, '2017-02-01 10:42:11', NULL, NULL, NULL, NULL, NULL),
	(48, 21, 5, NULL, '08:00:00', '16:00:00', NULL, NULL, 1, 1, '2017-02-01 10:42:11', NULL, NULL, NULL, NULL, NULL),
	(49, 16, 1, NULL, '08:00:00', '16:00:00', NULL, NULL, 1, 1, '2017-02-01 10:41:45', NULL, NULL, NULL, NULL, NULL),
	(50, 16, 2, NULL, '08:00:00', '16:00:00', NULL, NULL, 1, 1, '2017-02-01 10:42:11', NULL, NULL, NULL, NULL, NULL),
	(51, 16, 3, NULL, '08:00:00', '16:00:00', NULL, NULL, 1, 1, '2017-02-01 10:42:11', NULL, NULL, NULL, NULL, NULL),
	(52, 16, 4, NULL, '08:00:00', '16:00:00', NULL, NULL, 1, 1, '2017-02-01 10:42:11', NULL, NULL, NULL, NULL, NULL),
	(53, 16, 5, NULL, '08:00:00', '16:00:00', NULL, NULL, 1, 1, '2017-02-01 10:42:11', NULL, NULL, NULL, NULL, NULL),
	(54, 17, 1, NULL, '08:00:00', '16:00:00', NULL, NULL, 1, 1, '2017-02-01 10:41:45', NULL, NULL, NULL, NULL, NULL),
	(55, 17, 2, NULL, '08:00:00', '16:00:00', NULL, NULL, 1, 1, '2017-02-01 10:42:11', NULL, NULL, NULL, NULL, NULL),
	(56, 17, 3, NULL, '08:00:00', '16:00:00', NULL, NULL, 1, 1, '2017-02-01 10:42:11', NULL, NULL, NULL, NULL, NULL),
	(57, 17, 4, NULL, '08:00:00', '16:00:00', NULL, NULL, 1, 1, '2017-02-01 10:42:11', NULL, NULL, NULL, NULL, NULL),
	(58, 17, 5, NULL, '08:00:00', '16:00:00', NULL, NULL, 1, 1, '2017-02-01 10:42:11', NULL, NULL, NULL, NULL, NULL),
	(59, 18, 1, NULL, '08:00:00', '16:00:00', NULL, NULL, 1, 1, '2017-02-01 10:41:45', NULL, NULL, NULL, NULL, NULL),
	(60, 18, 2, NULL, '08:00:00', '16:00:00', NULL, NULL, 1, 1, '2017-02-01 10:42:11', NULL, NULL, NULL, NULL, NULL),
	(61, 18, 3, NULL, '08:00:00', '16:00:00', NULL, NULL, 1, 1, '2017-02-01 10:42:11', NULL, NULL, NULL, NULL, NULL),
	(62, 18, 4, NULL, '08:00:00', '16:00:00', NULL, NULL, 1, 1, '2017-02-01 10:42:11', NULL, NULL, NULL, NULL, NULL),
	(63, 18, 5, NULL, '08:00:00', '16:00:00', NULL, NULL, 1, 1, '2017-02-01 10:42:11', NULL, NULL, NULL, NULL, NULL),
	(64, 19, 1, NULL, '08:00:00', '16:00:00', NULL, NULL, 1, 1, '2017-02-01 10:41:45', NULL, NULL, NULL, NULL, NULL),
	(65, 19, 2, NULL, '08:00:00', '16:00:00', NULL, NULL, 1, 1, '2017-02-01 10:42:11', NULL, NULL, NULL, NULL, NULL),
	(66, 19, 3, NULL, '08:00:00', '16:00:00', NULL, NULL, 1, 1, '2017-02-01 10:42:11', NULL, NULL, NULL, NULL, NULL),
	(67, 19, 4, NULL, '08:00:00', '16:00:00', NULL, NULL, 1, 1, '2017-02-01 10:42:11', NULL, NULL, NULL, NULL, NULL),
	(68, 19, 5, NULL, '08:00:00', '16:00:00', NULL, NULL, 1, 1, '2017-02-01 10:42:11', NULL, NULL, NULL, NULL, NULL);



INSERT INTO `districts` (`districts_district_id`, `contacts_contact_id`, `islp`, `title`, `slug`, `email`, `created_by`, `created_on`, `modified_by`, `modified_on`, `locked_by`, `locked_on`)
VALUES
	(1, 10, NULL, 'Bowdon policing team', 'eagle', NULL, 1, '2017-02-03 08:46:52', 1, '2017-02-03 10:38:17', 0, '0000-00-00 00:00:00'),
	(2, 12, NULL, 'Delanson policing team', 'delanson', NULL, 1, '2017-02-03 08:47:38', 1, '2017-02-03 10:38:23', 0, '0000-00-00 00:00:00'),
	(3, 9, NULL, 'Greenway policing team', 'greenway', NULL, 1, '2017-02-03 08:47:53', 1, '2017-02-03 10:38:29', 0, '0000-00-00 00:00:00'),
	(4, 14, NULL, 'Houston Lake policing team', 'houston-lake', NULL, 1, '2017-02-03 08:48:04', 1, '2017-02-03 10:38:35', 0, '0000-00-00 00:00:00'),
	(5, 11, NULL, 'Peachtree City policing team', 'peachtree-city', NULL, 1, '2017-02-03 08:48:18', 1, '2017-02-03 10:38:41', 0, '0000-00-00 00:00:00'),
	(6, 15, NULL, 'Saratoga Springs policing team', 'saratoga-springs', NULL, 1, '2017-02-03 08:48:33', 1, '2017-02-03 10:38:46', 0, '0000-00-00 00:00:00'),
	(7, 13, NULL, 'Tuppers Plains policing team', 'tuppers-plains', NULL, 1, '2017-02-03 08:48:45', 1, '2017-02-03 10:38:53', 0, '0000-00-00 00:00:00');



INSERT INTO `districts_districts_officers` (`districts_district_id`, `districts_officer_id`)
VALUES
	(1, 1),
	(1, 2),
	(1, 3),
	(2, 2),
	(2, 3),
	(2, 4),
	(3, 1),
	(3, 2),
	(3, 3),
	(4, 1),
	(4, 2),
	(4, 4),
	(5, 1),
	(5, 2),
	(5, 4),
	(6, 1),
	(6, 2),
	(6, 3),
	(7, 2),
	(7, 3),
	(7, 4);



INSERT INTO `districts_officers` (`districts_officer_id`, `firstname`, `lastname`, `slug`, `phone`, `mobile`, `email`, `created_by`, `created_on`, `modified_by`, `modified_on`, `locked_by`, `locked_on`)
VALUES
	(1, 'Michele', 'Pearson', '', '219-228-7597', '', 'michele@example.com', 1, '2017-02-03 08:43:28', 0, '0000-00-00 00:00:00', 0, '0000-00-00 00:00:00'),
	(2, 'Brent', 'Lee', '', '708-483-1746', '', 'brent@example.com', 1, '2017-02-03 08:44:01', 0, '0000-00-00 00:00:00', 0, '0000-00-00 00:00:00'),
	(3, 'Jeffrey', 'Englehart', '', '', '781-698-5975', 'jeffrey@example.com', 1, '2017-02-03 08:44:19', 1, '2017-02-03 11:05:03', 0, '0000-00-00 00:00:00'),
	(4, 'Lisa', 'Tolbert', '', '', '317-806-9502', '', 1, '2017-02-03 08:44:35', 0, '0000-00-00 00:00:00', 0, '0000-00-00 00:00:00');



INSERT INTO `districts_relations` (`districts_relation_id`, `districts_district_id`, `streets_street_id`, `range_start`, `range_end`, `range_parity`, `islp`, `created_by`, `created_on`, `modified_by`, `modified_on`, `locked_by`, `locked_on`)
VALUES
	(1, 1, NULL, 1, 9999, 'odd-even', '', 1, '2017-02-03 09:20:56', 0, '0000-00-00 00:00:00', 0, '0000-00-00 00:00:00'),
	(2, 2, NULL, 1, 9999, 'odd-even', '', 1, '2017-02-03 09:23:18', 0, '0000-00-00 00:00:00', 0, '0000-00-00 00:00:00'),
	(3, 3, NULL, 1, 9999, 'odd-even', '', 1, '2017-02-03 09:23:27', 0, '0000-00-00 00:00:00', 0, '0000-00-00 00:00:00'),
	(4, 4, NULL, 1, 9999, 'odd-even', '', 1, '2017-02-03 09:23:37', 0, '0000-00-00 00:00:00', 0, '0000-00-00 00:00:00'),
	(5, 5, NULL, 1, 9999, 'odd-even', '', 1, '2017-02-03 09:23:48', 0, '0000-00-00 00:00:00', 0, '0000-00-00 00:00:00'),
	(6, 6, NULL, 1, 9999, 'odd-even', '', 1, '2017-02-03 09:23:57', 0, '0000-00-00 00:00:00', 0, '0000-00-00 00:00:00'),
	(7, 7, NULL, 1, 9999, 'odd-even', '', 1, '2017-02-03 09:24:07', 0, '0000-00-00 00:00:00', 0, '0000-00-00 00:00:00');



INSERT INTO `news` (`news_article_id`, `attachments_attachment_id`, `title`, `slug`, `introtext`, `fulltext`, `description`, `sticky`, `published`, `published_on`, `created_on`, `created_by`, `modified_on`, `modified_by`, `locked_by`, `locked_on`, `publish_on`, `unpublish_on`, `params`)
VALUES
	(1, 0, 'Sit Mattis Cursus', 'sit-mattis-cursus', '<p>Nullam id dolor id nibh ultricies vehicula ut id elit. Aenean lacinia bibendum nulla sed consectetur. Etiam porta sem malesuada magna mollis euismod. Donec id elit non mi porta gravida at eget metus.</p>\r\n\r\n<p>Donec ullamcorper nulla non metus auctor fringilla. Lorem ipsum dolor sit amet, consectetur adipiscing elit. Aenean eu leo quam.</p>\r\n\r\n<p>Aenean eu leo quam. Pellentesque ornare sem lacinia quam venenatis vestibulum. Donec id elit non mi porta gravida at eget metus. Morbi leo risus, porta ac consectetur ac, vestibulum at eros. Morbi leo risus, porta ac consectetur ac, vestibulum at eros. Donec id elit non mi porta gravida at eget metus. Cum sociis natoque penatibus et magnis dis parturient montes, nascetur ridiculus mus.</p>\r\n\r\n<p>Curabitur blandit tempus porttitor. Fusce dapibus, tellus ac cursus commodo, tortor mauris condimentum nibh, ut fermentum massa justo sit amet risus. Duis mollis, est non commodo luctus, nisi erat porttitor ligula, eget lacinia odio sem nec elit. Vestibulum id ligula porta felis euismod semper.</p>', '', 'Aenean eu leo quam. Pellentesque ornare sem lacinia quam venenatis vestibulum. Morbi leo risus, porta ac consectetur ac, vestibulum at eros.', NULL, 1, '2017-01-26 12:35:52', '2017-01-26 12:35:52', 1, '2017-02-07 11:05:40', 1, NULL, NULL, '2014-01-31 13:08:09', NULL, '{\"youtube\":\"\"}'),
	(2, 0, 'Fermentum Purus Cursus Consectetur', 'fermentum-purus-cursus-consectetur', '<p>Curabitur blandit tempus porttitor. Cras justo odio, dapibus ac facilisis in, egestas eget quam. Sed posuere consectetur est at lobortis. Maecenas sed diam eget risus varius blandit sit amet non magna.</p>\r\n\r\n<p>Morbi leo risus, porta ac consectetur ac, vestibulum at eros. Duis mollis, est non commodo luctus, nisi erat porttitor ligula, eget lacinia odio sem nec elit. Cum sociis natoque penatibus et magnis dis parturient montes, nascetur ridiculus mus. Cras justo odio, dapibus ac facilisis in, egestas eget quam. Donec id elit non mi porta gravida at eget metus.</p>\r\n\r\n<p>Cum sociis natoque penatibus et magnis dis parturient montes, nascetur ridiculus mus. Fusce dapibus, tellus ac cursus commodo, tortor mauris condimentum nibh, ut fermentum massa justo sit amet risus. Maecenas sed diam eget risus varius blandit sit amet non magna. Nullam id dolor id nibh ultricies vehicula ut id elit. Duis mollis, est non commodo luctus, nisi erat porttitor ligula, eget lacinia odio sem nec elit. Sed posuere consectetur est at lobortis.</p>', '', 'Vestibulum id ligula porta felis euismod semper. Nullam id dolor id nibh ultricies vehicula ut id elit.', NULL, 1, '2017-01-26 12:35:52', '2017-01-26 12:35:52', 1, '2017-02-07 11:05:50', 1, NULL, NULL, '2014-01-31 13:08:26', NULL, '{\"youtube\":\"\"}'),
	(3, 0, 'Condimentum Commodo', 'condimentum-commodo', '<p>Vivamus sagittis lacus vel augue laoreet rutrum faucibus dolor auctor. Cum sociis natoque penatibus et magnis dis parturient montes, nascetur ridiculus mus. Vestibulum id ligula porta felis euismod semper. Maecenas faucibus mollis interdum. Aenean lacinia bibendum nulla sed consectetur.</p>\r\n\r\n<p>Etiam porta sem malesuada magna mollis euismod. Maecenas sed diam eget risus varius blandit sit amet non magna. Nulla vitae elit libero, a pharetra augue. Donec id elit non mi porta gravida at eget metus.</p>\r\n\r\n<p>Maecenas faucibus mollis interdum. Morbi leo risus, porta ac consectetur ac, vestibulum at eros. Nullam id dolor id nibh ultricies vehicula ut id elit. Nullam id dolor id nibh ultricies vehicula ut id elit. Vivamus sagittis lacus vel augue laoreet rutrum faucibus dolor auctor.</p>\r\n\r\n<p>Aenean eu leo quam. Pellentesque ornare sem lacinia quam venenatis vestibulum. Integer posuere erat a ante venenatis dapibus posuere velit aliquet. Cras justo odio, dapibus ac facilisis in, egestas eget quam. Sed posuere consectetur est at lobortis.</p>', '', 'Duis mollis, est non commodo luctus, nisi erat porttitor ligula, eget lacinia odio sem nec elit. Aenean eu leo quam.', NULL, 1, '2017-01-26 12:35:52', '2017-01-26 12:35:52', 1, '2017-02-07 11:06:07', 1, NULL, NULL, '2014-01-31 13:08:41', NULL, '{\"youtube\":\"\"}'),
	(4, 0, 'Risus Quam Egestas', 'risus-quam-egestas', '<p>Nullam id dolor id nibh ultricies vehicula ut id elit. Lorem ipsum dolor sit amet, consectetur adipiscing elit. Nullam quis risus eget urna mollis ornare vel eu leo. Etiam porta sem malesuada magna mollis euismod. Curabitur blandit tempus porttitor.</p>\r\n\r\n<p>Cum sociis natoque penatibus et magnis dis parturient montes, nascetur ridiculus mus. Aenean lacinia bibendum nulla sed consectetur.</p>\r\n\r\n<p>Lorem ipsum dolor sit amet, consectetur adipiscing elit. Integer posuere erat a ante venenatis dapibus posuere velit aliquet. Aenean eu leo quam. Pellentesque ornare sem lacinia quam venenatis vestibulum. Integer posuere erat a ante venenatis dapibus posuere velit aliquet. Lorem ipsum dolor sit amet, consectetur adipiscing elit. Donec id elit non mi porta gravida at eget metus.</p>\r\n\r\n<p>Cras mattis consectetur purus sit amet fermentum. Sed posuere consectetur est at lobortis. Maecenas faucibus mollis interdum. Maecenas sed diam eget risus varius blandit sit amet non magna. Duis mollis, est non commodo luctus, nisi erat porttitor ligula, eget lacinia odio sem nec elit.</p>', '', 'Cum sociis natoque penatibus et magnis dis parturient montes, nascetur ridiculus mus.', NULL, 1, '2017-01-26 12:35:52', '2017-01-26 12:35:52', 1, '2017-02-07 11:06:22', 1, NULL, NULL, '2014-01-31 13:08:58', NULL, '{\"youtube\":\"\"}');



INSERT INTO `press` (`press_article_id`, `title`, `slug`, `text`, `description`, `published`, `published_on`, `created_on`, `created_by`, `modified_on`, `modified_by`, `locked_by`, `locked_on`, `publish_on`, `params`)
VALUES
	(1, 'Sit Mattis Cursus', 'sit-mattis-cursus', '<p>Aenean eu leo quam. Pellentesque ornare sem lacinia quam venenatis vestibulum. Curabitur blandit tempus porttitor. Etiam porta sem malesuada magna mollis euismod. Integer posuere erat a ante venenatis dapibus posuere velit aliquet. Nullam id dolor id nibh ultricies vehicula ut id elit.</p>\r\n\r\n<p>Vestibulum id ligula porta felis euismod semper. Duis mollis, est non commodo luctus, nisi erat porttitor ligula, eget lacinia odio sem nec elit. Donec sed odio dui. Vivamus sagittis lacus vel augue laoreet rutrum faucibus dolor auctor. Cras justo odio, dapibus ac facilisis in, egestas eget quam.</p>\r\n\r\n<p>Donec sed odio dui. Aenean lacinia bibendum nulla sed consectetur. Cras mattis consectetur purus sit amet fermentum. Integer posuere erat a ante venenatis dapibus posuere velit aliquet. Nullam quis risus eget urna mollis ornare vel eu leo.</p>\r\n\r\n<p>Aenean eu leo quam. Pellentesque ornare sem lacinia quam venenatis vestibulum. Vestibulum id ligula porta felis euismod semper. Donec id elit non mi porta gravida at eget metus. Lorem ipsum dolor sit amet, consectetur adipiscing elit.</p>\r\n', 'Fusce dapibus, tellus ac cursus commodo, tortor mauris condimentum nibh, ut fermentum massa justo sit amet risus.', 1, '2014-06-27 13:17:00', '2014-06-27 13:17:00', 3, '2017-02-07 11:03:35', 1, NULL, NULL, NULL, NULL),
	(2, 'Fermentum Purus Cursus Consectetur', 'fermentum-purus-cursus-consectetur', '<p>Vivamus sagittis lacus vel augue laoreet rutrum faucibus dolor auctor. Nullam quis risus eget urna mollis ornare vel eu leo. Fusce dapibus, tellus ac cursus commodo, tortor mauris condimentum nibh, ut fermentum massa justo sit amet risus. Nulla vitae elit libero, a pharetra augue. Lorem ipsum dolor sit amet, consectetur adipiscing elit.</p>\r\n\r\n<p>Morbi leo risus, porta ac consectetur ac, vestibulum at eros. Vivamus sagittis lacus vel augue laoreet rutrum faucibus dolor auctor. Cras mattis consectetur purus sit amet fermentum. Maecenas faucibus mollis interdum. Cum sociis natoque penatibus et magnis dis parturient montes, nascetur ridiculus mus.</p>\r\n\r\n<p>Morbi leo risus, porta ac consectetur ac, vestibulum at eros. Nullam quis risus eget urna mollis ornare vel eu leo. Nulla vitae elit libero, a pharetra augue. Sed posuere consectetur est at lobortis. Nullam quis risus eget urna mollis ornare vel eu leo.</p>\r\n\r\n<p>Nullam id dolor id nibh ultricies vehicula ut id elit. Integer posuere erat a ante venenatis dapibus posuere velit aliquet. Etiam porta sem malesuada magna mollis euismod. Donec sed odio dui. Donec ullamcorper nulla non metus auctor fringilla. Nullam quis risus eget urna mollis ornare vel eu leo. Vestibulum id ligula porta felis euismod semper.</p>\r\n', 'Praesent commodo cursus magna, vel scelerisque nisl consectetur et. Vestibulum id ligula porta felis euismod semper.', 1, '2014-06-27 13:24:00', '2014-06-27 13:24:00', 3, '2017-02-07 11:03:21', 1, NULL, NULL, NULL, NULL),
	(3, 'Condimentum Commodo', 'condimentum-commodo', '<p>Morbi leo risus, porta ac consectetur ac, vestibulum at eros. Sed posuere consectetur est at lobortis. Nulla vitae elit libero, a pharetra augue. Vivamus sagittis lacus vel augue laoreet rutrum faucibus dolor auctor. Donec ullamcorper nulla non metus auctor fringilla.</p>\r\n\r\n<p>Donec id elit non mi porta gravida at eget metus. Vestibulum id ligula porta felis euismod semper. Donec id elit non mi porta gravida at eget metus. Aenean eu leo quam. Pellentesque ornare sem lacinia quam venenatis vestibulum.</p>\r\n\r\n<p>Morbi leo risus, porta ac consectetur ac, vestibulum at eros. Integer posuere erat a ante venenatis dapibus posuere velit aliquet. Lorem ipsum dolor sit amet, consectetur adipiscing elit. Vivamus sagittis lacus vel augue laoreet rutrum faucibus dolor auctor. Nullam quis risus eget urna mollis ornare vel eu leo.</p>\r\n\r\n<p>Donec id elit non mi porta gravida at eget metus. Donec sed odio dui. Curabitur blandit tempus porttitor. Integer posuere erat a ante venenatis dapibus posuere velit aliquet. Duis mollis, est non commodo luctus, nisi erat porttitor ligula, eget lacinia odio sem nec elit. Praesent commodo cursus magna, vel scelerisque nisl consectetur et. Cum sociis natoque penatibus et magnis dis parturient montes, nascetur ridiculus mus.</p>\r\n', 'Lorem ipsum dolor sit amet, consectetur adipiscing elit. Etiam porta sem malesuada magna mollis euismod.', 1, '2014-06-27 13:26:00', '2014-06-27 13:26:00', 3, '2017-02-07 11:03:04', 1, NULL, NULL, NULL, NULL),
	(4, 'Curabitur blandit tempus porttitor', 'curabitur-blandit-tempus-porttitor', '<p>Morbi leo risus, porta ac consectetur ac, vestibulum at eros. Maecenas faucibus mollis interdum. Nulla vitae elit libero, a pharetra augue. Maecenas sed diam eget risus varius blandit sit amet non magna. Cras justo odio, dapibus ac facilisis in, egestas eget quam. Lorem ipsum dolor sit amet, consectetur adipiscing elit.</p>\r\n\r\n<p>Donec id elit non mi porta gravida at eget metus. Lorem ipsum dolor sit amet, consectetur adipiscing elit. Curabitur blandit tempus porttitor. Donec ullamcorper nulla non metus auctor fringilla. Integer posuere erat a ante venenatis dapibus posuere velit aliquet. Nullam quis risus eget urna mollis ornare vel eu leo. Vivamus sagittis lacus vel augue laoreet rutrum faucibus dolor auctor.</p>\r\n\r\n<p>Cras mattis consectetur purus sit amet fermentum. Morbi leo risus, porta ac consectetur ac, vestibulum at eros. Aenean lacinia bibendum nulla sed consectetur. Morbi leo risus, porta ac consectetur ac, vestibulum at eros. Vivamus sagittis lacus vel augue laoreet rutrum faucibus dolor auctor. Maecenas faucibus mollis interdum.</p>\r\n', 'Duis mollis, est non commodo luctus, nisi erat porttitor ligula, eget lacinia odio sem nec elit.', 1, '2017-02-07 11:04:02', '2017-02-07 11:04:02', 1, NULL, 0, NULL, NULL, NULL, NULL);



INSERT INTO `streets_relations` (`streets_street_identifier`, `row`, `table`)
VALUES
	(1, 1, 'traffic'),
	(2, 3, 'traffic'),
	(2, 5, 'districts_relations'),
	(2, 11, 'contacts'),
	(3, 1, 'contacts'),
	(3, 1, 'districts_relations'),
	(3, 2, 'traffic'),
	(3, 10, 'contacts'),
	(3, 16, 'contacts'),
	(3, 17, 'contacts'),
	(3, 18, 'contacts'),
	(3, 19, 'contacts'),
	(3, 20, 'contacts'),
	(3, 21, 'contacts'),
	(4, 3, 'districts_relations'),
	(4, 5, 'traffic'),
	(4, 9, 'contacts'),
	(5, 2, 'districts_relations'),
	(5, 4, 'traffic'),
	(5, 6, 'traffic'),
	(5, 12, 'contacts'),
	(6, 7, 'districts_relations'),
	(6, 8, 'traffic'),
	(6, 13, 'contacts'),
	(7, 7, 'traffic'),
	(8, 4, 'districts_relations'),
	(8, 10, 'traffic'),
	(8, 14, 'contacts'),
	(9, 6, 'districts_relations'),
	(9, 9, 'traffic'),
	(9, 15, 'contacts');


INSERT INTO `support_tickets` (`support_ticket_id`, `title`, `slug`, `text`, `status`, `created_by`, `created_on`, `modified_by`, `modified_on`, `locked_by`, `locked_on`)
VALUES
	(1, 'Risus Ipsum', 'risus-ipsum', '<p>Cras mattis consectetur purus sit amet fermentum. Fusce dapibus, tellus ac cursus commodo, tortor mauris condimentum nibh, ut fermentum massa justo sit amet risus. Duis mollis, est non commodo luctus, nisi erat porttitor ligula, eget lacinia odio sem nec elit. Vestibulum id ligula porta felis euismod semper. Curabitur blandit tempus porttitor. Morbi leo risus, porta ac consectetur ac, vestibulum at eros.</p>\r\n', 'open', 1, '2014-02-06 12:13:20', 1, '2014-02-07 14:57:25', 1, '2014-02-07 15:26:00'),
	(2, 'Sit Ligula', 'sit-ligula', '<p>Etiam porta sem malesuada magna mollis euismod. Maecenas faucibus mollis interdum. Cras mattis consectetur purus sit amet fermentum. Aenean eu leo quam. Pellentesque ornare sem lacinia quam venenatis vestibulum. Aenean lacinia bibendum nulla sed consectetur. Maecenas sed diam eget risus varius blandit sit amet non magna.</p>\r\n', 'solved', 1, '2014-02-06 12:13:20', NULL, NULL, 1, '2014-02-07 11:11:12'),
	(3, 'Pharetra Euismod Magna', 'pharetra-euismod-magna', '<p>Maecenas faucibus mollis interdum. Integer posuere erat a ante venenatis dapibus posuere velit aliquet. Cras justo odio, dapibus ac facilisis in, egestas eget quam. Etiam porta sem malesuada magna mollis euismod. Vestibulum id ligula porta felis euismod semper.</p>\r\n', 'pending', 1, '2014-02-06 12:13:20', NULL, NULL, 1, '2014-02-07 08:27:09'),
	(4, 'Nullam Vestibulum Pharetra', 'nullam-vestibulum-pharetra', '<p>Sed posuere consectetur est at lobortis. Duis mollis, est non commodo luctus, nisi erat porttitor ligula, eget lacinia odio sem nec elit. Cum sociis natoque penatibus et magnis dis parturient montes, nascetur ridiculus mus. Curabitur blandit tempus porttitor. Aenean lacinia bibendum nulla sed consectetur. Integer posuere erat a ante venenatis dapibus posuere velit aliquet. Aenean eu leo quam. Pellentesque ornare sem lacinia quam venenatis vestibulum.</p>\r\n', 'new', 1, '2014-02-06 12:13:20', NULL, NULL, 1, '2014-02-07 14:19:57');



INSERT INTO `traffic` (`traffic_article_id`, `traffic_category_id`, `title`, `slug`, `text`, `start_on`, `end_on`, `controlled`, `in_violation`, `published`, `created_by`, `created_on`, `modified_by`, `modified_on`, `locked_by`, `locked_on`)
VALUES
	(1, 19, 'Speed', 'speed', '', '2017-02-10 00:00:00', '2017-02-10 00:00:00', 0, 0, 1, 1, '2017-01-27 08:52:57', 1, '2017-02-02 08:10:59', NULL, NULL),
	(2, 19, 'Drugs', 'drugs', '', '2017-02-10 00:00:00', '2017-02-10 00:00:00', 0, 0, 1, 1, '2017-01-27 08:52:57', 1, '2017-02-02 08:10:51', NULL, NULL),
	(3, 19, 'Alcohol', 'alcohol', '', '2017-02-10 00:00:00', '2017-02-10 00:00:00', 0, 0, 1, 1, '2017-01-27 08:52:57', 1, '2017-02-02 08:10:43', NULL, NULL),
	(4, 19, 'Insurance', 'insurance', '', '2017-02-10 00:00:00', '2017-02-10 00:00:00', 0, 0, 1, 1, '2017-01-27 08:52:57', 1, '2017-02-02 08:10:26', NULL, NULL),
	(5, 19, 'Speed', 'speed', '', '2017-02-10 00:00:00', '2017-02-10 00:00:00', 0, 0, 1, 1, '2017-01-27 08:52:57', 1, '2017-02-02 08:10:34', NULL, NULL),
	(6, 19, 'Speed', 'speed', '', '2017-02-05 00:00:00', '2017-02-05 00:00:00', 100, 10, 1, 1, '2017-01-27 08:52:57', 1, '2017-02-02 08:10:59', NULL, NULL),
	(7, 19, 'Drugs', 'drugs', '', '2017-02-05 00:00:00', '2017-02-05 00:00:00', 200, 5, 1, 1, '2017-01-27 08:52:57', 1, '2017-02-02 08:10:51', NULL, NULL),
	(8, 19, 'Alcohol', 'alcohol', '', '2017-02-05 00:00:00', '2017-02-05 00:00:00', 150, 5, 1, 1, '2017-01-27 08:52:57', 1, '2017-02-02 08:10:43', NULL, NULL),
	(9, 19, 'Insurance', 'insurance', '', '2017-02-05 00:00:00', '2017-02-05 00:00:00', 200, 0, 1, 1, '2017-01-27 08:52:57', 1, '2017-02-02 08:10:26', NULL, NULL),
	(10, 19, 'Speed', 'speed', '', '2017-02-05 00:00:00', '2017-02-05 00:00:00', 100, 6, 1, 1, '2017-01-27 08:52:57', 1, '2017-02-02 08:10:34', NULL, NULL);



INSERT INTO `traffic_categories` (`traffic_category_id`, `parent_id`, `attachments_attachment_id`, `title`, `slug`, `description`, `published`, `created_by`, `created_on`, `modified_by`, `modified_on`, `locked_by`, `locked_on`, `params`)
VALUES
	(19, 0, 0, 'Road safety checks', 'road-safety-checks', '', 1, 1, '2017-01-27 08:50:58', NULL, NULL, NULL, NULL, '');



INSERT INTO `data`.`streets` (`streets_street_id`, `streets_city_id`, `streets_street_identifier`, `sources_source_id`, `iso`, `title`, `slug`, `created_by`, `created_on`, `modified_by`, `modified_on`, `locked_by`, `locked_on`)
VALUES
	(1, 1, 1, 1, 'en', 'Hidden Treasure Place', NULL, NULL, NULL, NULL, NULL, NULL, NULL),
	(2, 2, 2, 1, 'en', 'Crystal Dale Range', NULL, NULL, NULL, NULL, NULL, 1, '2017-02-03 09:28:18'),
	(3, 3, 3, 1, 'en', 'Hazy Street', NULL, NULL, NULL, NULL, NULL, 1, '2017-02-06 13:25:46'),
	(4, 4, 4, 1, 'en', 'Noble Grove Trace', NULL, NULL, NULL, NULL, NULL, 1, '2017-02-03 09:26:52'),
	(5, 5, 5, 1, 'en', 'Gentle Campus', NULL, NULL, NULL, NULL, NULL, 1, '2017-02-03 09:28:03'),
	(6, 6, 6, 1, 'en', 'Stony Nectar Impasse', NULL, NULL, NULL, NULL, NULL, 1, '2017-02-03 09:28:35'),
	(7, 7, 7, 1, 'en', 'Honey Deer Route', NULL, NULL, NULL, NULL, NULL, NULL, NULL),
	(8, 8, 8, 1, 'en', 'Round Pony Harbour', NULL, NULL, NULL, NULL, NULL, 1, '2017-02-03 09:28:11'),
	(9, 9, 9, 1, 'en', 'Noble Corners Street', NULL, NULL, NULL, NULL, NULL, 1, '2017-02-03 09:28:26');



INSERT INTO `data`.`streets_cities` (`streets_city_id`, `streets_region_id`, `streets_province_id`, `title`, `police_zone_id`, `crab_city_id`, `created_by`, `created_on`, `modified_by`, `modified_on`, `locked_by`, `locked_on`)
VALUES
	(1, NULL, NULL, 'Level Plains', NULL, 0, NULL, NULL, NULL, NULL, NULL, NULL),
	(2, NULL, NULL, 'Peachtree City', NULL, 0, NULL, NULL, NULL, NULL, NULL, NULL),
	(3, NULL, NULL, 'Bowdon', NULL, 0, NULL, NULL, NULL, NULL, NULL, NULL),
	(4, NULL, NULL, 'Greenway', NULL, 0, NULL, NULL, NULL, NULL, NULL, NULL),
	(5, NULL, NULL, 'Delanson', NULL, 0, NULL, NULL, NULL, NULL, NULL, NULL),
	(6, NULL, NULL, 'Tuppers Plains', NULL, 0, NULL, NULL, NULL, NULL, NULL, NULL),
	(7, NULL, NULL, 'Brave', NULL, 0, NULL, NULL, NULL, NULL, NULL, NULL),
	(8, NULL, NULL, 'Houston Lake', NULL, 0, NULL, NULL, NULL, NULL, NULL, NULL),
	(9, NULL, NULL, 'Saratoga Springs', NULL, 0, NULL, NULL, NULL, NULL, NULL, NULL);

--
-- Update creation date to today (this very moment)
--
UPDATE `news` SET `created_on` = now();
UPDATE `news` SET `published_on` = now();
UPDATE `press` SET `created_on` = now();
UPDATE `press` SET `published_on` = now();
UPDATE `support_tickets` SET `created_on` = now();


SET SQL_MODE=@OLD_SQL_MODE;
SET TIME_ZONE=@OLD_TIME_ZONE;
SET FOREIGN_KEY_CHECKS=@OLD_FOREIGN_KEY_CHECKS;
