INSERT INTO `districts` (`districts_district_id`, `districts_district_code`, `contacts_contact_id`, `title`, `slug`, `created_by`, `created_on`, `modified_by`, `modified_on`, `locked_by`, `locked_on`)
VALUES
	(1, 'KUL', 1, 'K.U.Leuven-gebouwen', 'kuleuven-gebouwen', 0, '2012-01-27 00:00:00', 62, '2012-02-02 14:52:17', 62, '2013-03-28 14:45:07'),
	(2, 'L11', 1, 'Leuven-buurt L.1.1', 'leuven-buurt-l11', 0, '2012-01-27 00:00:00', 63, '2012-03-12 08:07:54', 0, '0000-00-00 00:00:00'),
	(3, 'L12', 1, 'Leuven-buurt L.1.2', 'leuven-buurt-l12', 0, '2012-01-27 00:00:00', 63, '2012-03-12 08:08:13', 0, '0000-00-00 00:00:00'),
	(4, 'L13', 1, 'Leuven-buurt L.1.3', 'leuven-buurt-l13', 0, '2012-01-27 00:00:00', 63, '2012-03-12 08:08:36', 0, '0000-00-00 00:00:00'),
	(5, 'L21', 1, 'Leuven-buurt L.2.1', 'leuven-buurt-l21', 0, '2012-01-27 00:00:00', 63, '2012-03-12 08:09:02', 0, '0000-00-00 00:00:00'),
	(6, 'L22', 1, 'Leuven-buurt L.2.2', 'leuven-buurt-l22', 0, '2012-01-27 00:00:00', 63, '2012-03-12 08:09:38', 0, '0000-00-00 00:00:00'),
	(7, 'L23', 1, 'Leuven-buurt L.2.3', 'leuven-buurt-l23', 0, '2012-01-27 00:00:00', 63, '2012-03-12 08:11:09', 0, '0000-00-00 00:00:00'),
	(8, 'L31', 1, 'Leuven-buurt L.3.1', 'leuven-buurt-l31', 0, '2012-01-27 00:00:00', 63, '2012-03-12 08:12:05', 0, '0000-00-00 00:00:00'),
	(9, 'L32', 1, 'Leuven-buurt L.3.2', 'leuven-buurt-l32', 0, '2012-01-27 00:00:00', 63, '2012-03-12 08:14:07', 0, '0000-00-00 00:00:00'),
	(10, 'L33', 1, 'Leuven-buurt L.3.3', 'leuven-buurt-l33', 0, '2012-01-27 00:00:00', 63, '2012-03-12 08:14:51', 0, '0000-00-00 00:00:00'),
	(11, 'L41', 1, 'Leuven-buurt L.4.1', 'leuven-buurt-l41', 0, '2012-01-27 00:00:00', 63, '2012-03-12 08:15:19', 0, '0000-00-00 00:00:00'),
	(12, 'L42', 1, 'Leuven-buurt L.4.2', 'leuven-buurt-l42', 0, '2012-01-27 00:00:00', 63, '2012-03-12 08:15:38', 0, '0000-00-00 00:00:00'),
	(13, 'L43', 1, 'Leuven-buurt L.4.3', 'leuven-buurt-l43', 0, '2012-01-27 00:00:00', 63, '2012-03-12 08:15:58', 0, '0000-00-00 00:00:00'),
	(14, 'L51', 1, 'Leuven-buurt L.5.1', 'leuven-buurt-l51', 0, '2012-01-27 00:00:00', 63, '2012-03-12 08:16:21', 0, '0000-00-00 00:00:00'),
	(15, 'L52', 1, 'Leuven-buurt L.5.2', 'leuven-buurt-l52', 0, '2012-01-27 00:00:00', 63, '2012-03-12 08:17:01', 0, '0000-00-00 00:00:00'),
	(16, 'L53', 1, 'Leuven-buurt L.5.3', 'leuven-buurt-l53', 0, '2012-01-27 00:00:00', 63, '2012-03-12 08:17:24', 0, '0000-00-00 00:00:00'),
	(17, 'L61', 1, 'Leuven-buurt L.6.1', 'leuven-buurt-l61', 0, '2012-01-27 00:00:00', 63, '2012-03-12 08:17:53', 0, '0000-00-00 00:00:00'),
	(18, 'L62', 1, 'Leuven-buurt L.6.2', 'leuven-buurt-l62', 0, '2012-01-27 00:00:00', 63, '2012-03-12 08:18:35', 0, '0000-00-00 00:00:00'),
	(19, 'L63', 1, 'Leuven-buurt L.6.3', 'leuven-buurt-l63', 0, '2012-01-27 00:00:00', 63, '2012-03-12 08:18:56', 0, '0000-00-00 00:00:00'),
	(20, 'K11', 1, 'Kessel-Lo-buurt K1.1', 'kessel-lo-buurt-k11', 0, '2012-01-27 00:00:00', 63, '2012-03-12 07:57:24', 0, '0000-00-00 00:00:00'),
	(21, 'K12', 1, 'Kessel-Lo-buurt K1.2', 'kessel-lo-buurt-k12', 0, '2012-01-27 00:00:00', 63, '2012-03-12 07:57:46', 0, '0000-00-00 00:00:00'),
	(22, 'K13', 1, 'Kessel-Lo-buurt K1.3', 'kessel-lo-buurt-k13', 0, '2012-01-27 00:00:00', 63, '2012-03-12 07:58:09', 0, '0000-00-00 00:00:00'),
	(23, 'K21', 1, 'Kessel-Lo-buurt K2.1', 'kessel-lo-buurt-k21', 0, '2012-01-27 00:00:00', 63, '2012-03-12 07:58:35', 0, '0000-00-00 00:00:00'),
	(24, 'K23', 1, 'Kessel-Lo-buurt K2.3', 'kessel-lo-buurt-k23', 0, '2012-01-27 00:00:00', 63, '2012-03-12 07:59:22', 0, '0000-00-00 00:00:00'),
	(25, 'H11', 1, 'Heverlee-buurt H1.1', 'heverlee-buurt-h11', 0, '2012-01-27 00:00:00', 63, '2012-03-12 07:52:33', 0, '0000-00-00 00:00:00'),
	(26, 'H12', 1, 'Heverlee-buurt H1.2', 'heverlee-buurt-h12', 0, '2012-01-27 00:00:00', 63, '2012-03-12 07:53:04', 0, '0000-00-00 00:00:00'),
	(27, 'H13', 1, 'Heverlee-buurt H1.3', 'heverlee-buurt-h13', 0, '2012-01-27 00:00:00', 63, '2012-03-12 07:53:54', 0, '0000-00-00 00:00:00'),
	(28, 'H21', 1, 'Heverlee-buurt H2.1', 'heverlee-buurt-h21', 0, '2012-01-27 00:00:00', 63, '2012-03-12 07:54:20', 0, '0000-00-00 00:00:00'),
	(29, 'H22', 1, 'Heverlee-buurt H2.2', 'heverlee-buurt-h22', 0, '2012-01-27 00:00:00', 63, '2012-03-12 07:54:43', 0, '0000-00-00 00:00:00'),
	(30, 'H23', 1, 'Heverlee-buurt H2.3', 'heverlee-buurt-h23', 0, '2012-01-27 00:00:00', 63, '2012-03-12 07:55:03', 0, '0000-00-00 00:00:00'),
	(31, 'H31', 1, 'Heverlee-buurt H3.1', 'heverlee-buurt-h31', 0, '2012-01-27 00:00:00', 63, '2012-03-12 07:55:27', 0, '0000-00-00 00:00:00'),
	(32, 'H32', 1, 'Heverlee-buurt H3.2', 'heverlee-buurt-h32', 0, '2012-01-27 00:00:00', 63, '2012-03-12 07:55:53', 0, '0000-00-00 00:00:00'),
	(33, 'H33', 1, 'Heverlee-buurt H3.3', 'heverlee-buurt-h33', 0, '2012-01-27 00:00:00', 63, '2012-03-12 07:56:24', 0, '0000-00-00 00:00:00'),
	(34, 'W11', 1, 'Wilsele-Wijgmaal-buurt W1.1', 'wilsele-wijgmaal-buurt-w11', 0, '2012-01-27 00:00:00', 63, '2012-03-12 08:19:39', 0, '0000-00-00 00:00:00'),
	(35, 'W12', 1, 'Wilsele-Wijgmaal-buurt W1.2', 'wilsele-wijgmaal-buurt-w12', 0, '2012-01-27 00:00:00', 63, '2012-03-12 08:19:56', 0, '0000-00-00 00:00:00'),
	(36, 'W13', 1, 'Wilsele-Wijgmaal-buurt W1.3', 'wilsele-wijgmaal-buurt-w13', 0, '2012-01-27 00:00:00', 63, '2012-03-12 08:20:19', 0, '0000-00-00 00:00:00'),
	(37, 'W22', 1, 'Wilsele-Wijgmaal-buurt W2.2', 'wilsele-wijgmaal-buurt-w22', 0, '2012-01-27 00:00:00', 62, '2013-03-28 14:51:05', 0, '0000-00-00 00:00:00'),
	(38, 'W21', 1, 'Wilsele-Wijgmaal-buurt W2.1', 'wilsele-wijgmaal-buurt-w21', 0, '2012-01-27 00:00:00', 63, '2012-03-12 08:20:41', 0, '0000-00-00 00:00:00'),
	(39, 'K22', 1, 'Kessel-Lo-buurt K2.2', 'kessel-lo-buurt-k22', 0, '2012-01-27 00:00:00', 63, '2012-03-12 07:58:59', 0, '0000-00-00 00:00:00'),
	(40, 'K32', 1, 'Kessel-Lo-buurt K3.2', 'kessel-lo-buurt-k32', 0, '2012-01-27 00:00:00', 63, '2012-03-12 08:00:13', 0, '0000-00-00 00:00:00'),
	(41, 'K31', 1, 'Kessel-Lo-buurt K3.1', 'kessel-lo-buurt-k31', 0, '2012-01-27 00:00:00', 63, '2012-03-12 07:59:52', 0, '0000-00-00 00:00:00'),
	(42, 'K33', 1, 'Kessel-Lo-buurt K3.3', 'kessel-lo-buurt-k33', 0, '2012-01-27 00:00:00', 63, '2012-03-12 08:00:44', 0, '0000-00-00 00:00:00'),
	(43, 'K42', 1, 'Kessel-Lo-buurt K4.2', 'kessel-lo-buurt-k42', 0, '2012-01-27 00:00:00', 63, '2012-03-12 08:01:27', 0, '0000-00-00 00:00:00'),
	(44, 'K41', 1, 'Kessel-Lo-buurt K4.1', 'kessel-lo-buurt-k41', 0, '2012-01-27 00:00:00', 63, '2012-03-12 08:01:04', 0, '0000-00-00 00:00:00'),
	(45, 'K43', 1, 'Kessel-Lo-buurt K4.3', 'kessel-lo-buurt-k43', 0, '2012-01-27 00:00:00', 63, '2012-03-12 08:07:27', 0, '0000-00-00 00:00:00');


INSERT INTO `districts_districts_officers` (`districts_district_id`, `districts_officer_id`)
VALUES
	(1, 21),
	(2, 22),
	(3, 22),
	(4, 45),
	(5, 25),
	(6, 46),
	(7, 27),
	(8, 28),
	(9, 29),
	(10, 30),
	(11, 26),
	(12, 32),
	(13, 33),
	(14, 34),
	(15, 35),
	(16, 36),
	(17, 37),
	(18, 38),
	(19, 39),
	(20, 16),
	(21, 16),
	(22, 12),
	(23, 13),
	(24, 14),
	(25, 1),
	(26, 2),
	(27, 3),
	(28, 4),
	(29, 5),
	(30, 6),
	(31, 7),
	(32, 8),
	(33, 9),
	(34, 40),
	(35, 40),
	(36, 41),
	(37, 43),
	(37, 44),
	(38, 43),
	(39, 13),
	(40, 31),
	(41, 15),
	(42, 17),
	(43, 19),
	(44, 11),
	(45, 20);

INSERT INTO `districts_officers` (`districts_officer_id`, `firstname`, `lastname`, `slug`, `position`, `number`, `phone`, `mobile`, `email`, `created_by`, `created_on`, `modified_by`, `modified_on`, `locked_by`, `locked_on`, `params`)
VALUES
	(1, 'Petra', 'Janssens', '', 'Inp', '446303363', '', '', '', 62, '2012-01-30 11:40:56', 72, '2013-01-20 16:05:20', 0, '0000-00-00 00:00:00', '{\"show_avatar\":\"0\",\"twitter\":\"\",\"facebook\":\"\",\"avatar\":\"davyverbeeck.jpg\"}'),
	(2, 'Kris', 'Maris', '', 'Inp', '441805593', '', '', '', 63, '2012-03-02 12:52:37', 62, '2012-03-12 09:33:10', 0, '0000-00-00 00:00:00', '\n'),
	(3, 'Sara', 'Cobbaert', '', 'Inp', '445710552', '', '', '', 63, '2012-03-02 12:53:01', 62, '2012-03-12 09:33:17', 0, '0000-00-00 00:00:00', '\n'),
	(4, 'René', 'Guns', '', 'Inp', '442949082', '', '', '', 63, '2012-03-02 12:53:22', 62, '2012-03-12 09:33:23', 0, '0000-00-00 00:00:00', '\n'),
	(5, 'Greta', 'De Roye', '', 'Inp', '446159883', '', '', '', 63, '2012-03-02 12:53:44', 62, '2012-03-12 09:33:28', 0, '0000-00-00 00:00:00', '\n'),
	(6, 'Susy ', 'De Ceuster', '', 'Inp', '446378842', '', '', '', 63, '2012-03-02 12:54:06', 62, '2012-03-12 09:33:33', 0, '0000-00-00 00:00:00', '\n'),
	(7, 'Mario', 'Deputter', '', 'Inp', '442946658', '', '', '', 63, '2012-03-02 12:54:33', 62, '2012-03-12 09:33:38', 0, '0000-00-00 00:00:00', '\n'),
	(8, 'Leen', 'Poelmans', '', 'Inp', '446498676', '', '', '', 63, '2012-03-02 12:54:59', 62, '2012-03-12 09:33:44', 0, '0000-00-00 00:00:00', '\n'),
	(9, 'Ronny', 'Rabau', '', 'Inp', '442954641', '', '', '', 63, '2012-03-02 12:55:20', 62, '2012-03-12 09:33:52', 0, '0000-00-00 00:00:00', '\n'),
	(11, 'Guy', 'Peeters', '', 'Inp', '442953530', '', '', '', 63, '2012-03-02 12:56:00', 62, '2012-03-09 21:08:09', 0, '0000-00-00 00:00:00', '\n'),
	(12, 'Patrick', 'Praet', '', 'Inp', '442954439', '', '', '', 63, '2012-03-02 12:56:19', 62, '2012-03-12 09:34:17', 0, '0000-00-00 00:00:00', '\n'),
	(13, 'Thierry', 'Peeters', '', 'Inp', '442953934', '', '', '', 63, '2012-03-02 12:57:38', 62, '2012-03-09 21:13:04', 0, '0000-00-00 00:00:00', '\n'),
	(14, 'Eddy', 'Vanhoof', '', 'Inp', '442961513', '', '', '', 63, '2012-03-02 12:57:57', 62, '2012-03-12 09:34:24', 0, '0000-00-00 00:00:00', '\n'),
	(15, 'Danny', 'Hendrickx', '', 'Inp', '442949284', '', '', '', 63, '2012-03-02 12:58:22', 62, '2012-03-12 09:34:32', 0, '0000-00-00 00:00:00', '\n'),
	(16, 'Dimitri', 'Prince', '', 'Inp', '446162917', '', '', '', 63, '2012-03-02 12:59:06', 62, '2012-03-12 09:34:38', 0, '0000-00-00 00:00:00', '\n'),
	(17, 'Peter', 'Roelants', '', 'Inp', '442955146', '', '', '', 63, '2012-03-02 12:59:45', 62, '2012-03-12 09:34:44', 0, '0000-00-00 00:00:00', '\n'),
	(19, 'Herbert', 'Goovaerts', '', 'Inp', '442948779', '', '', '', 63, '2012-03-02 13:00:43', 62, '2012-03-12 09:35:10', 0, '0000-00-00 00:00:00', '\n'),
	(20, 'Benny', 'Sterckx', '', 'Inp', '442236336', '', '', '', 63, '2012-03-02 13:01:09', 62, '2012-03-12 09:35:15', 0, '0000-00-00 00:00:00', '\n'),
	(21, 'Nick ', 'Vanden Bussche', '', 'Inp', '446535961', '', '', '', 63, '2012-03-02 13:02:24', 62, '2012-03-12 09:35:23', 0, '0000-00-00 00:00:00', '\n'),
	(22, 'Davy', 'Verbeeck', '', 'Inp', '441818327', '', '', '', 63, '2012-03-02 13:04:26', 72, '2013-01-20 16:08:27', 0, '0000-00-00 00:00:00', '{\"show_avatar\":\"1\",\"twitter\":\"\",\"facebook\":\"\",\"avatar\":\"davyverbeeck.jpg\"}'),
	(23, 'Joris', 'De Schepper', '', 'Inp', '442486617', '', '', '', 63, '2012-03-02 13:05:49', 62, '2012-03-12 09:35:33', 0, '0000-00-00 00:00:00', '\n'),
	(25, 'Mohamed', 'Al Ghawabi', '', 'Inp', '446447752', '', '', '', 63, '2012-03-02 13:14:51', 62, '2012-03-12 09:35:38', 0, '0000-00-00 00:00:00', '\n'),
	(26, 'Marc', 'Coppens', '', 'Inp', '442944840', '', '', '', 63, '2012-03-02 13:15:12', 63, '2012-04-04 11:56:11', 0, '0000-00-00 00:00:00', '\n'),
	(27, 'Machteld', 'Paesen', '', 'Inp', '446162614', '', '', '', 63, '2012-03-02 13:16:15', 63, '2012-04-05 09:22:42', 0, '0000-00-00 00:00:00', '\n'),
	(28, 'Erwin', 'Schoolmeesters', '', 'Inp', '446545055', '', '', '', 63, '2012-03-02 13:16:43', 62, '2012-03-12 09:35:59', 0, '0000-00-00 00:00:00', '\n'),
	(29, 'Luc', 'Soetaerts', '', 'Inp', '441541067', '', '', '', 63, '2012-03-02 13:17:06', 63, '2012-04-04 11:56:34', 0, '0000-00-00 00:00:00', '\n'),
	(30, 'Laura', 'Etneo', '', 'Inp', '446373687', '', '', '', 63, '2012-03-02 13:17:28', 62, '2012-03-12 09:36:18', 0, '0000-00-00 00:00:00', '\n'),
	(31, 'Danny', 'Nys', '', 'Inp', '441385564', '', '', '', 63, '2012-03-02 13:18:19', 62, '2012-03-12 09:36:24', 0, '0000-00-00 00:00:00', '\n'),
	(32, 'Benny', 'Van Winckel', '', 'Inp', '442959590', '', '', '', 63, '2012-03-02 13:18:42', 62, '2012-03-12 09:36:31', 0, '0000-00-00 00:00:00', '\n'),
	(33, 'Frank', 'Houben', '', 'Inp', '446492212', '', '', '', 63, '2012-03-02 13:19:03', 62, '2012-03-12 09:36:38', 0, '0000-00-00 00:00:00', '\n'),
	(34, 'Linda', 'Noë', '', 'Inp', '446251126', '', '', '', 63, '2012-03-02 13:19:23', 62, '2012-03-12 09:36:45', 0, '0000-00-00 00:00:00', '\n'),
	(35, 'Walter', 'Verbruggen', '', 'Inp', '442962422', '', '', '', 63, '2012-03-02 13:19:43', 62, '2012-03-12 09:36:51', 0, '0000-00-00 00:00:00', '\n'),
	(36, 'Rudi', 'Willemaers', '', 'Inp', '441762652', '', '', '', 63, '2012-03-02 13:20:08', 62, '2012-03-12 09:36:59', 0, '0000-00-00 00:00:00', '\n'),
	(37, 'Paul ', 'Deroost', '', 'Inp', '445719242', '', '', '', 63, '2012-03-02 13:20:27', 62, '2012-03-12 09:37:04', 0, '0000-00-00 00:00:00', '\n'),
	(38, 'Jos ', 'Poisquet', '', 'Inp', '446919921', '', '', '', 63, '2012-03-02 13:20:48', 62, '2012-03-12 09:37:21', 0, '0000-00-00 00:00:00', '\n'),
	(39, 'Ivan', 'Van Rijmenant', '', 'Inp', '441651609', '', '', '', 63, '2012-03-02 13:21:14', 63, '2012-04-04 11:56:18', 0, '0000-00-00 00:00:00', '\n'),
	(40, 'Natasja', 'Vanderborght', '', 'Inp', '441790439', '', '', '', 63, '2012-03-02 13:21:37', 62, '2012-03-12 09:37:40', 0, '0000-00-00 00:00:00', '\n'),
	(41, 'Julien', 'Daman', '', 'Hinp', '442945345', '', '', '', 63, '2012-03-02 13:22:01', 62, '2012-03-12 09:37:45', 0, '0000-00-00 00:00:00', '\n'),
	(43, 'Ingrid', 'T\'Kindt', '', 'Inp', '445254955', '', '', '', 63, '2012-03-02 13:23:04', 62, '2012-03-12 09:38:10', 0, '0000-00-00 00:00:00', '\n'),
	(44, 'Tony', 'Dormaels', '', 'Inp', '442947264', '', '', '', 63, '2012-03-02 13:23:29', 62, '2012-03-12 09:38:15', 0, '0000-00-00 00:00:00', '\n'),
	(45, 'Els', 'Kinon', '', '', '443407814', '', '', '', 63, '2012-07-05 07:34:57', 63, '2012-07-05 07:40:17', 0, '0000-00-00 00:00:00', '\n'),
	(46, 'Evi ', 'Schoolmeesters', '', 'INP', '446152813', '', '', '', 63, '2012-11-05 10:02:12', 63, '2012-11-05 10:04:34', 0, '0000-00-00 00:00:00', '\n');


INSERT INTO `districts_relations` (`districts_relation_id`, `districts_district_id`, `districts_district_code`, `range_start`, `range_end`, `range_parity`, `created_by`, `created_on`, `modified_by`, `modified_on`, `locked_by`, `locked_on`)
VALUES
	(1, 37, 'W22', 1, 999, 'odd-even', 0, '2012-01-27 00:00:00', 72, '2013-01-20 13:33:28', 0, '0000-00-00 00:00:00'),
	(2, 43, 'K42', 2, 104, 'even', 0, '2012-01-27 00:00:00', 0, '0000-00-00 00:00:00', 0, '0000-00-00 00:00:00'),
	(3, 23, 'K21', 1, 999, 'odd-even', 0, '2012-01-27 00:00:00', 0, '0000-00-00 00:00:00', 0, '0000-00-00 00:00:00'),
	(4, 34, 'W11', 1, 999, 'odd-even', 0, '2012-01-27 00:00:00', 0, '0000-00-00 00:00:00', 0, '0000-00-00 00:00:00'),
	(5, 25, 'H11', 1, 999, 'odd-even', 0, '2012-01-27 00:00:00', 72, '2013-01-24 11:31:37', 0, '0000-00-00 00:00:00'),
	(6, 22, 'K13', 1, 999, 'odd-even', 0, '2012-01-27 00:00:00', 0, '0000-00-00 00:00:00', 0, '0000-00-00 00:00:00'),
	(7, 40, 'K32', 1, 999, 'odd-even', 0, '2012-01-27 00:00:00', 0, '0000-00-00 00:00:00', 0, '0000-00-00 00:00:00'),
	(8, 21, 'K12', 1, 999, 'odd-even', 0, '2012-01-27 00:00:00', 0, '0000-00-00 00:00:00', 0, '0000-00-00 00:00:00'),
	(9, 28, 'H21', 1, 999, 'odd-even', 0, '2012-01-27 00:00:00', 0, '0000-00-00 00:00:00', 0, '0000-00-00 00:00:00'),
	(10, 28, 'H21', 2, 84, 'even', 0, '2012-01-27 00:00:00', 0, '0000-00-00 00:00:00', 0, '0000-00-00 00:00:00'),
	(11, 25, 'H11', 1, 999, 'odd-even', 0, '2012-01-27 00:00:00', 0, '0000-00-00 00:00:00', 0, '0000-00-00 00:00:00'),
	(12, 11, 'L41', 1, 999, 'odd-even', 0, '2012-01-27 00:00:00', 0, '0000-00-00 00:00:00', 0, '0000-00-00 00:00:00'),
	(13, 16, 'L53', 1, 999, 'odd-even', 0, '2012-01-27 00:00:00', 0, '0000-00-00 00:00:00', 0, '0000-00-00 00:00:00'),
	(14, 11, 'L41', 1, 999, 'odd-even', 0, '2012-01-27 00:00:00', 0, '0000-00-00 00:00:00', 0, '0000-00-00 00:00:00'),
	(15, 31, 'H31', 1, 999, 'odd-even', 0, '2012-01-27 00:00:00', 0, '0000-00-00 00:00:00', 0, '0000-00-00 00:00:00'),
	(16, 35, 'W12', 1, 999, 'odd-even', 0, '2012-01-27 00:00:00', 0, '0000-00-00 00:00:00', 0, '0000-00-00 00:00:00'),
	(17, 44, 'K41', 1, 999, 'odd-even', 0, '2012-01-27 00:00:00', 0, '0000-00-00 00:00:00', 0, '0000-00-00 00:00:00'),
	(18, 33, 'H33', 1, 999, 'odd-even', 0, '2012-01-27 00:00:00', 0, '0000-00-00 00:00:00', 0, '0000-00-00 00:00:00'),
	(19, 35, 'W12', 1, 999, 'odd-even', 0, '2012-01-27 00:00:00', 0, '0000-00-00 00:00:00', 0, '0000-00-00 00:00:00'),
	(20, 15, 'L52', 1, 999, 'odd-even', 0, '2012-01-27 00:00:00', 0, '0000-00-00 00:00:00', 0, '0000-00-00 00:00:00'),
	(21, 12, 'L42', 1, 999, 'odd-even', 0, '2012-01-27 00:00:00', 0, '0000-00-00 00:00:00', 0, '0000-00-00 00:00:00'),
	(22, 27, 'H13', 1, 999, 'odd-even', 0, '2012-01-27 00:00:00', 0, '0000-00-00 00:00:00', 0, '0000-00-00 00:00:00'),
	(23, 23, 'K21', 161, 379, 'odd', 0, '2012-01-27 00:00:00', 0, '0000-00-00 00:00:00', 0, '0000-00-00 00:00:00'),
	(24, 33, 'H33', 1, 999, 'odd-even', 0, '2012-01-27 00:00:00', 0, '0000-00-00 00:00:00', 0, '0000-00-00 00:00:00'),
	(25, 38, 'W21', 1, 999, 'odd-even', 0, '2012-01-27 00:00:00', 0, '0000-00-00 00:00:00', 0, '0000-00-00 00:00:00'),
	(26, 13, 'L43', 1, 999, 'odd-even', 0, '2012-01-27 00:00:00', 0, '0000-00-00 00:00:00', 0, '0000-00-00 00:00:00'),
	(27, 40, 'K32', 1, 999, 'odd-even', 0, '2012-01-27 00:00:00', 0, '0000-00-00 00:00:00', 0, '0000-00-00 00:00:00'),
	(28, 21, 'K12', 1, 999, 'odd-even', 0, '2012-01-27 00:00:00', 0, '0000-00-00 00:00:00', 0, '0000-00-00 00:00:00'),
	(29, 28, 'H21', 1, 999, 'odd-even', 0, '2012-01-27 00:00:00', 0, '0000-00-00 00:00:00', 0, '0000-00-00 00:00:00'),
	(30, 12, 'L42', 1, 999, 'odd-even', 0, '2012-01-27 00:00:00', 0, '0000-00-00 00:00:00', 0, '0000-00-00 00:00:00'),
	(31, 27, 'H13', 1, 9999, 'odd-even', 0, '2012-01-27 00:00:00', 0, '0000-00-00 00:00:00', 0, '0000-00-00 00:00:00'),
	(32, 33, 'H33', 1, 999, 'odd-even', 0, '2012-01-27 00:00:00', 0, '0000-00-00 00:00:00', 0, '0000-00-00 00:00:00'),
	(33, 43, 'K42', 1, 999, 'odd-even', 0, '2012-01-27 00:00:00', 0, '0000-00-00 00:00:00', 0, '0000-00-00 00:00:00'),
	(35, 26, 'H12', 1, 999, 'odd-even', 0, '2012-01-27 00:00:00', 0, '0000-00-00 00:00:00', 0, '0000-00-00 00:00:00'),
	(36, 32, 'H32', 1, 999, 'odd-even', 0, '2012-01-27 00:00:00', 0, '0000-00-00 00:00:00', 0, '0000-00-00 00:00:00'),
	(37, 34, 'W11', 1, 999, 'odd-even', 0, '2012-01-27 00:00:00', 0, '0000-00-00 00:00:00', 0, '0000-00-00 00:00:00'),
	(39, 39, 'K22', 50, 158, 'even', 0, '2012-01-27 00:00:00', 0, '0000-00-00 00:00:00', 0, '0000-00-00 00:00:00'),
	(40, 26, 'H12', 1, 999, 'odd-even', 0, '2012-01-27 00:00:00', 0, '0000-00-00 00:00:00', 0, '0000-00-00 00:00:00'),
	(41, 28, 'H21', 1, 999, 'odd-even', 0, '2012-01-27 00:00:00', 0, '0000-00-00 00:00:00', 0, '0000-00-00 00:00:00'),
	(42, 39, 'K22', 1, 999, 'odd-even', 0, '2012-01-27 00:00:00', 0, '0000-00-00 00:00:00', 0, '0000-00-00 00:00:00'),
	(43, 41, 'K31', 337, 473, 'odd', 0, '2012-01-27 00:00:00', 0, '0000-00-00 00:00:00', 0, '0000-00-00 00:00:00'),
	(44, 21, 'K12', 1, 999, 'odd-even', 0, '2012-01-27 00:00:00', 0, '0000-00-00 00:00:00', 0, '0000-00-00 00:00:00'),
	(45, 45, 'K43', 1, 999, 'odd-even', 0, '2012-01-27 00:00:00', 0, '0000-00-00 00:00:00', 0, '0000-00-00 00:00:00'),
	(46, 13, 'L43', 1, 999, 'odd-even', 0, '2012-01-27 00:00:00', 0, '0000-00-00 00:00:00', 0, '0000-00-00 00:00:00'),
	(47, 25, 'H11', 1, 999, 'odd-even', 0, '2012-01-27 00:00:00', 0, '0000-00-00 00:00:00', 0, '0000-00-00 00:00:00'),
	(48, 25, 'H11', 1, 999, 'odd-even', 0, '2012-01-27 00:00:00', 0, '0000-00-00 00:00:00', 0, '0000-00-00 00:00:00'),
	(49, 44, 'K41', 1, 999, 'odd-even', 0, '2012-01-27 00:00:00', 0, '0000-00-00 00:00:00', 0, '0000-00-00 00:00:00'),
	(50, 44, 'K41', 1, 999, 'odd-even', 0, '2012-01-27 00:00:00', 0, '0000-00-00 00:00:00', 0, '0000-00-00 00:00:00'),
	(51, 8, 'L31', 1, 999, 'odd-even', 0, '2012-01-27 00:00:00', 0, '0000-00-00 00:00:00', 0, '0000-00-00 00:00:00'),
	(52, 25, 'H11', 1, 999, 'odd-even', 0, '2012-01-27 00:00:00', 0, '0000-00-00 00:00:00', 0, '0000-00-00 00:00:00'),
	(53, 25, 'H11', 1, 999, 'odd-even', 0, '2012-01-27 00:00:00', 0, '0000-00-00 00:00:00', 0, '0000-00-00 00:00:00'),
	(54, 41, 'K31', 414, 550, 'even', 0, '2012-01-27 00:00:00', 0, '0000-00-00 00:00:00', 0, '0000-00-00 00:00:00'),
	(55, 44, 'K41', 1, 999, 'odd-even', 0, '2012-01-27 00:00:00', 0, '0000-00-00 00:00:00', 0, '0000-00-00 00:00:00'),
	(56, 43, 'K42', 1, 999, 'odd-even', 0, '2012-01-27 00:00:00', 0, '0000-00-00 00:00:00', 0, '0000-00-00 00:00:00'),
	(57, 28, 'H21', 1, 999, 'odd-even', 0, '2012-01-27 00:00:00', 0, '0000-00-00 00:00:00', 0, '0000-00-00 00:00:00'),
	(58, 42, 'K33', 272, 412, 'even', 0, '2012-01-27 00:00:00', 0, '0000-00-00 00:00:00', 0, '0000-00-00 00:00:00'),
	(59, 13, 'L43', 1, 999, 'odd-even', 0, '2012-01-27 00:00:00', 0, '0000-00-00 00:00:00', 0, '0000-00-00 00:00:00'),
	(60, 28, 'H21', 1, 999, 'odd-even', 0, '2012-01-27 00:00:00', 0, '0000-00-00 00:00:00', 0, '0000-00-00 00:00:00'),
	(61, 26, 'H12', 1, 999, 'odd-even', 0, '2012-01-27 00:00:00', 0, '0000-00-00 00:00:00', 0, '0000-00-00 00:00:00'),
	(62, 25, 'H11', 1, 999, 'odd-even', 0, '2012-01-27 00:00:00', 0, '0000-00-00 00:00:00', 0, '0000-00-00 00:00:00'),
	(63, 24, 'K23', 1, 999, 'odd-even', 0, '2012-01-27 00:00:00', 0, '0000-00-00 00:00:00', 0, '0000-00-00 00:00:00'),
	(64, 35, 'W12', 1, 999, 'odd-even', 0, '2012-01-27 00:00:00', 0, '0000-00-00 00:00:00', 0, '0000-00-00 00:00:00'),
	(65, 11, 'L41', 40, 999, 'odd-even', 0, '2012-01-27 00:00:00', 0, '0000-00-00 00:00:00', 0, '0000-00-00 00:00:00'),
	(66, 27, 'H13', 1, 999, 'odd-even', 0, '2012-01-27 00:00:00', 0, '0000-00-00 00:00:00', 0, '0000-00-00 00:00:00'),
	(67, 18, 'L62', 1, 999, 'odd-even', 0, '2012-01-27 00:00:00', 0, '0000-00-00 00:00:00', 0, '0000-00-00 00:00:00'),
	(68, 16, 'L53', 1, 999, 'odd-even', 0, '2012-01-27 00:00:00', 0, '0000-00-00 00:00:00', 0, '0000-00-00 00:00:00');

INSERT INTO `districts_relations` (`districts_relation_id`, `districts_district_id`, `districts_district_code`, `range_start`, `range_end`, `range_parity`, `created_by`, `created_on`, `modified_by`, `modified_on`, `locked_by`, `locked_on`)
VALUES
	(70, 20, 'K11', 1, 999, 'odd-even', 0, '2012-01-27 00:00:00', 0, '0000-00-00 00:00:00', 0, '0000-00-00 00:00:00'),
	(71, 43, 'K42', 1, 999, 'odd-even', 0, '2012-01-27 00:00:00', 0, '0000-00-00 00:00:00', 0, '0000-00-00 00:00:00'),
	(72, 15, 'L52', 1, 999, 'odd-even', 0, '2012-01-27 00:00:00', 0, '0000-00-00 00:00:00', 0, '0000-00-00 00:00:00'),
	(73, 2, 'L11', 1, 9, 'odd', 0, '2012-01-27 00:00:00', 0, '0000-00-00 00:00:00', 0, '0000-00-00 00:00:00'),
	(74, 13, 'L43', 1, 999, 'odd-even', 0, '2012-01-27 00:00:00', 0, '0000-00-00 00:00:00', 0, '0000-00-00 00:00:00'),
	(75, 28, 'H21', 1, 999, 'odd-even', 0, '2012-01-27 00:00:00', 0, '0000-00-00 00:00:00', 0, '0000-00-00 00:00:00'),
	(76, 22, 'K13', 1, 999, 'odd-even', 0, '2012-01-27 00:00:00', 0, '0000-00-00 00:00:00', 0, '0000-00-00 00:00:00'),
	(77, 25, 'H11', 1, 999, 'odd-even', 0, '2012-01-27 00:00:00', 0, '0000-00-00 00:00:00', 0, '0000-00-00 00:00:00'),
	(78, 16, 'L53', 1, 999, 'odd-even', 0, '2012-01-27 00:00:00', 0, '0000-00-00 00:00:00', 0, '0000-00-00 00:00:00'),
	(79, 31, 'H31', 1, 999, 'odd-even', 0, '2012-01-27 00:00:00', 0, '0000-00-00 00:00:00', 0, '0000-00-00 00:00:00'),
	(80, 38, 'W21', 1, 999, 'odd-even', 0, '2012-01-27 00:00:00', 0, '0000-00-00 00:00:00', 0, '0000-00-00 00:00:00'),
	(81, 26, 'H12', 1, 999, 'odd-even', 0, '2012-01-27 00:00:00', 0, '0000-00-00 00:00:00', 0, '0000-00-00 00:00:00'),
	(82, 44, 'K41', 1, 999, 'odd-even', 0, '2012-01-27 00:00:00', 0, '0000-00-00 00:00:00', 0, '0000-00-00 00:00:00'),
	(83, 35, 'W12', 1, 999, 'odd-even', 0, '2012-01-27 00:00:00', 0, '0000-00-00 00:00:00', 0, '0000-00-00 00:00:00'),
	(84, 30, 'H23', 1, 999, 'odd-even', 0, '2012-01-27 00:00:00', 0, '0000-00-00 00:00:00', 0, '0000-00-00 00:00:00'),
	(85, 34, 'W11', 1, 999, 'odd-even', 0, '2012-01-27 00:00:00', 0, '0000-00-00 00:00:00', 0, '0000-00-00 00:00:00'),
	(86, 20, 'K11', 1, 999, 'odd-even', 0, '2012-01-27 00:00:00', 0, '0000-00-00 00:00:00', 0, '0000-00-00 00:00:00'),
	(87, 20, 'K11', 1, 999, 'odd-even', 0, '2012-01-27 00:00:00', 0, '0000-00-00 00:00:00', 0, '0000-00-00 00:00:00'),
	(88, 2, 'L11', 2, 10, 'even', 0, '2012-01-27 00:00:00', 0, '0000-00-00 00:00:00', 0, '0000-00-00 00:00:00'),
	(89, 20, 'K11', 1, 999, 'odd-even', 0, '2012-01-27 00:00:00', 0, '0000-00-00 00:00:00', 0, '0000-00-00 00:00:00'),
	(90, 23, 'K21', 1, 999, 'odd-even', 0, '2012-01-27 00:00:00', 0, '0000-00-00 00:00:00', 0, '0000-00-00 00:00:00'),
	(91, 21, 'K12', 1, 999, 'odd-even', 0, '2012-01-27 00:00:00', 0, '0000-00-00 00:00:00', 0, '0000-00-00 00:00:00'),
	(93, 15, 'L52', 1, 999, 'odd-even', 0, '2012-01-27 00:00:00', 0, '0000-00-00 00:00:00', 0, '0000-00-00 00:00:00'),
	(94, 35, 'W12', 1, 999, 'odd-even', 0, '2012-01-27 00:00:00', 0, '0000-00-00 00:00:00', 0, '0000-00-00 00:00:00'),
	(95, 23, 'K21', 1, 999, 'odd-even', 0, '2012-01-27 00:00:00', 0, '0000-00-00 00:00:00', 0, '0000-00-00 00:00:00'),
	(96, 28, 'H21', 1, 999, 'odd-even', 0, '2012-01-27 00:00:00', 0, '0000-00-00 00:00:00', 0, '0000-00-00 00:00:00'),
	(97, 24, 'K23', 1, 999, 'odd-even', 0, '2012-01-27 00:00:00', 0, '0000-00-00 00:00:00', 0, '0000-00-00 00:00:00'),
	(98, 34, 'W11', 1, 999, 'odd-even', 0, '2012-01-27 00:00:00', 0, '0000-00-00 00:00:00', 0, '0000-00-00 00:00:00'),
	(99, 35, 'W12', 1, 93, 'odd', 0, '2012-01-27 00:00:00', 0, '0000-00-00 00:00:00', 0, '0000-00-00 00:00:00'),
	(100, 33, 'H33', 1, 999, 'odd-even', 0, '2012-01-27 00:00:00', 0, '0000-00-00 00:00:00', 0, '0000-00-00 00:00:00'),
	(101, 45, 'K43', 1, 999, 'odd-even', 0, '2012-01-27 00:00:00', 0, '0000-00-00 00:00:00', 0, '0000-00-00 00:00:00'),
	(102, 45, 'K43', 1, 999, 'odd-even', 0, '2012-01-27 00:00:00', 0, '0000-00-00 00:00:00', 0, '0000-00-00 00:00:00'),
	(103, 42, 'K33', 1, 999, 'odd-even', 0, '2012-01-27 00:00:00', 0, '0000-00-00 00:00:00', 0, '0000-00-00 00:00:00'),
	(104, 26, 'H12', 1, 999, 'odd', 0, '2012-01-27 00:00:00', 0, '0000-00-00 00:00:00', 0, '0000-00-00 00:00:00'),
	(105, 23, 'K21', 1, 999, 'odd-even', 0, '2012-01-27 00:00:00', 0, '0000-00-00 00:00:00', 0, '0000-00-00 00:00:00'),
	(106, 29, 'H22', 8, 24, 'odd', 0, '2012-01-27 00:00:00', 0, '0000-00-00 00:00:00', 0, '0000-00-00 00:00:00'),
	(107, 45, 'K43', 155, 325, 'odd', 0, '2012-01-27 00:00:00', 0, '0000-00-00 00:00:00', 0, '0000-00-00 00:00:00'),
	(108, 8, 'L31', 2, 14, 'odd-even', 0, '2012-01-27 00:00:00', 0, '0000-00-00 00:00:00', 0, '0000-00-00 00:00:00'),
	(109, 44, 'K41', 1, 999, 'odd-even', 0, '2012-01-27 00:00:00', 0, '0000-00-00 00:00:00', 0, '0000-00-00 00:00:00'),
	(110, 21, 'K12', 1, 999, 'odd-even', 0, '2012-01-27 00:00:00', 0, '0000-00-00 00:00:00', 0, '0000-00-00 00:00:00'),
	(111, 33, 'H33', 1, 999, 'odd-even', 0, '2012-01-27 00:00:00', 0, '0000-00-00 00:00:00', 0, '0000-00-00 00:00:00'),
	(112, 33, 'H33', 1, 999, 'odd-even', 0, '2012-01-27 00:00:00', 0, '0000-00-00 00:00:00', 0, '0000-00-00 00:00:00'),
	(113, 45, 'K43', 1, 999, 'odd-even', 0, '2012-01-27 00:00:00', 0, '0000-00-00 00:00:00', 0, '0000-00-00 00:00:00'),
	(114, 37, 'W22', 1, 999, 'odd-even', 0, '2012-01-27 00:00:00', 0, '0000-00-00 00:00:00', 0, '0000-00-00 00:00:00'),
	(115, 43, 'K42', 1, 999, 'odd-even', 0, '2012-01-27 00:00:00', 0, '0000-00-00 00:00:00', 0, '0000-00-00 00:00:00'),
	(116, 8, 'L31', 1, 999, 'odd-even', 0, '2012-01-27 00:00:00', 0, '0000-00-00 00:00:00', 0, '0000-00-00 00:00:00'),
	(117, 23, 'K21', 140, 348, 'even', 0, '2012-01-27 00:00:00', 0, '0000-00-00 00:00:00', 0, '0000-00-00 00:00:00'),
	(118, 5, 'L21', 1, 999, 'odd-even', 0, '2012-01-27 00:00:00', 0, '0000-00-00 00:00:00', 0, '0000-00-00 00:00:00'),
	(119, 21, 'K12', 1, 999, 'odd-even', 0, '2012-01-27 00:00:00', 0, '0000-00-00 00:00:00', 0, '0000-00-00 00:00:00'),
	(120, 30, 'H23', 1, 999, 'odd-even', 0, '2012-01-27 00:00:00', 0, '0000-00-00 00:00:00', 0, '0000-00-00 00:00:00'),
	(121, 5, 'L21', 1, 999, 'odd-even', 0, '2012-01-27 00:00:00', 0, '0000-00-00 00:00:00', 0, '0000-00-00 00:00:00'),
	(122, 37, 'W22', 1, 999, 'odd-even', 0, '2012-01-27 00:00:00', 0, '0000-00-00 00:00:00', 0, '0000-00-00 00:00:00'),
	(123, 11, 'L41', 1, 999, 'odd-even', 0, '2012-01-27 00:00:00', 0, '0000-00-00 00:00:00', 0, '0000-00-00 00:00:00'),
	(124, 38, 'W21', 1, 999, 'odd-even', 0, '2012-01-27 00:00:00', 0, '0000-00-00 00:00:00', 0, '0000-00-00 00:00:00'),
	(125, 28, 'H21', 1, 999, 'odd-even', 0, '2012-01-27 00:00:00', 0, '0000-00-00 00:00:00', 0, '0000-00-00 00:00:00'),
	(126, 17, 'L61', 2, 16, 'odd', 0, '2012-01-27 00:00:00', 0, '0000-00-00 00:00:00', 0, '0000-00-00 00:00:00'),
	(127, 41, 'K31', 1, 999, 'odd-even', 0, '2012-01-27 00:00:00', 0, '0000-00-00 00:00:00', 0, '0000-00-00 00:00:00'),
	(128, 24, 'K23', 1, 1, 'odd', 0, '2012-01-27 00:00:00', 0, '0000-00-00 00:00:00', 0, '0000-00-00 00:00:00'),
	(129, 34, 'W11', 1, 999, 'odd-even', 0, '2012-01-27 00:00:00', 0, '0000-00-00 00:00:00', 0, '0000-00-00 00:00:00'),
	(130, 38, 'W21', 1, 999, 'odd-even', 0, '2012-01-27 00:00:00', 0, '0000-00-00 00:00:00', 0, '0000-00-00 00:00:00'),
	(131, 37, 'W22', 1, 999, 'odd-even', 0, '2012-01-27 00:00:00', 0, '0000-00-00 00:00:00', 0, '0000-00-00 00:00:00'),
	(132, 30, 'H23', 1, 999, 'odd-even', 0, '2012-01-27 00:00:00', 0, '0000-00-00 00:00:00', 0, '0000-00-00 00:00:00'),
	(133, 34, 'W11', 1, 999, 'odd-even', 0, '2012-01-27 00:00:00', 0, '0000-00-00 00:00:00', 0, '0000-00-00 00:00:00'),
	(134, 35, 'W12', 1, 999, 'odd-even', 0, '2012-01-27 00:00:00', 0, '0000-00-00 00:00:00', 0, '0000-00-00 00:00:00'),
	(135, 5, 'L21', 1, 999, 'odd-even', 0, '2012-01-27 00:00:00', 0, '0000-00-00 00:00:00', 0, '0000-00-00 00:00:00'),
	(136, 35, 'W12', 1, 999, 'odd-even', 0, '2012-01-27 00:00:00', 0, '0000-00-00 00:00:00', 0, '0000-00-00 00:00:00');

INSERT INTO `districts_relations` (`districts_relation_id`, `districts_district_id`, `districts_district_code`, `range_start`, `range_end`, `range_parity`, `created_by`, `created_on`, `modified_by`, `modified_on`, `locked_by`, `locked_on`)
VALUES
	(137, 39, 'K22', 1, 999, 'odd-even', 0, '2012-01-27 00:00:00', 0, '0000-00-00 00:00:00', 0, '0000-00-00 00:00:00'),
	(138, 39, 'K22', 1, 999, 'odd-even', 0, '2012-01-27 00:00:00', 0, '0000-00-00 00:00:00', 0, '0000-00-00 00:00:00'),
	(139, 35, 'W12', 1, 999, 'odd-even', 0, '2012-01-27 00:00:00', 0, '0000-00-00 00:00:00', 0, '0000-00-00 00:00:00'),
	(140, 17, 'L61', 1, 17, 'even', 0, '2012-01-27 00:00:00', 0, '0000-00-00 00:00:00', 0, '0000-00-00 00:00:00'),
	(141, 38, 'W21', 1, 999, 'odd-even', 0, '2012-01-27 00:00:00', 0, '0000-00-00 00:00:00', 0, '0000-00-00 00:00:00'),
	(142, 21, 'K12', 1, 999, 'odd-even', 0, '2012-01-27 00:00:00', 0, '0000-00-00 00:00:00', 0, '0000-00-00 00:00:00'),
	(143, 21, 'K12', 1, 999, 'odd-even', 0, '2012-01-27 00:00:00', 0, '0000-00-00 00:00:00', 0, '0000-00-00 00:00:00'),
	(144, 22, 'K13', 1, 999, 'odd-even', 0, '2012-01-27 00:00:00', 0, '0000-00-00 00:00:00', 0, '0000-00-00 00:00:00'),
	(145, 33, 'H33', 1, 999, 'odd-even', 0, '2012-01-27 00:00:00', 0, '0000-00-00 00:00:00', 0, '0000-00-00 00:00:00'),
	(146, 31, 'H31', 1, 999, 'odd-even', 0, '2012-01-27 00:00:00', 0, '0000-00-00 00:00:00', 0, '0000-00-00 00:00:00'),
	(147, 10, 'L33', 1, 999, 'odd-even', 0, '2012-01-27 00:00:00', 0, '0000-00-00 00:00:00', 0, '0000-00-00 00:00:00'),
	(148, 31, 'H31', 1, 999, 'odd-even', 0, '2012-01-27 00:00:00', 0, '0000-00-00 00:00:00', 0, '0000-00-00 00:00:00'),
	(149, 44, 'K41', 1, 999, 'odd-even', 0, '2012-01-27 00:00:00', 0, '0000-00-00 00:00:00', 0, '0000-00-00 00:00:00'),
	(150, 22, 'K13', 1, 999, 'odd-even', 0, '2012-01-27 00:00:00', 0, '0000-00-00 00:00:00', 0, '0000-00-00 00:00:00'),
	(151, 8, 'L31', 1, 999, 'odd-even', 0, '2012-01-27 00:00:00', 0, '0000-00-00 00:00:00', 0, '0000-00-00 00:00:00'),
	(152, 44, 'K41', 1, 999, 'odd-even', 0, '2012-01-27 00:00:00', 0, '0000-00-00 00:00:00', 0, '0000-00-00 00:00:00'),
	(154, 2, 'L11', 1, 999, 'odd-even', 0, '2012-01-27 00:00:00', 0, '0000-00-00 00:00:00', 0, '0000-00-00 00:00:00'),
	(155, 17, 'L61', 1, 999, 'odd-even', 0, '2012-01-27 00:00:00', 0, '0000-00-00 00:00:00', 0, '0000-00-00 00:00:00'),
	(156, 20, 'K11', 1, 999, 'odd-even', 0, '2012-01-27 00:00:00', 0, '0000-00-00 00:00:00', 0, '0000-00-00 00:00:00'),
	(157, 9, 'L32', 1, 34, 'odd-even', 0, '2012-01-27 00:00:00', 0, '0000-00-00 00:00:00', 0, '0000-00-00 00:00:00'),
	(158, 25, 'H11', 1, 999, 'odd-even', 0, '2012-01-27 00:00:00', 0, '0000-00-00 00:00:00', 0, '0000-00-00 00:00:00'),
	(159, 25, 'H11', 1, 999, 'odd-even', 0, '2012-01-27 00:00:00', 0, '0000-00-00 00:00:00', 0, '0000-00-00 00:00:00'),
	(160, 28, 'H21', 1, 999, 'odd-even', 0, '2012-01-27 00:00:00', 0, '0000-00-00 00:00:00', 0, '0000-00-00 00:00:00'),
	(162, 24, 'K23', 1, 999, 'odd-even', 0, '2012-01-27 00:00:00', 0, '0000-00-00 00:00:00', 0, '0000-00-00 00:00:00'),
	(163, 25, 'H11', 1, 999, 'odd-even', 0, '2012-01-27 00:00:00', 0, '0000-00-00 00:00:00', 0, '0000-00-00 00:00:00'),
	(165, 42, 'K33', 1, 999, 'odd-even', 0, '2012-01-27 00:00:00', 0, '0000-00-00 00:00:00', 0, '0000-00-00 00:00:00'),
	(166, 24, 'K23', 1, 999, 'odd-even', 0, '2012-01-27 00:00:00', 0, '0000-00-00 00:00:00', 0, '0000-00-00 00:00:00'),
	(167, 25, 'H11', 1, 999, 'odd-even', 0, '2012-01-27 00:00:00', 0, '0000-00-00 00:00:00', 0, '0000-00-00 00:00:00'),
	(168, 40, 'K32', 1, 999, 'odd-even', 0, '2012-01-27 00:00:00', 0, '0000-00-00 00:00:00', 0, '0000-00-00 00:00:00'),
	(169, 43, 'K42', 1, 999, 'odd-even', 0, '2012-01-27 00:00:00', 0, '0000-00-00 00:00:00', 0, '0000-00-00 00:00:00'),
	(170, 45, 'K43', 2, 254, 'even', 0, '2012-01-27 00:00:00', 0, '0000-00-00 00:00:00', 0, '0000-00-00 00:00:00'),
	(172, 28, 'H21', 2, 26, 'odd', 0, '2012-01-27 00:00:00', 0, '0000-00-00 00:00:00', 0, '0000-00-00 00:00:00'),
	(173, 34, 'W11', 1, 999, 'odd-even', 0, '2012-01-27 00:00:00', 0, '0000-00-00 00:00:00', 0, '0000-00-00 00:00:00'),
	(174, 43, 'K42', 1, 145, 'odd-even', 0, '2012-01-27 00:00:00', 0, '0000-00-00 00:00:00', 0, '0000-00-00 00:00:00'),
	(175, 28, 'H21', 1, 23, 'even', 0, '2012-01-27 00:00:00', 0, '0000-00-00 00:00:00', 0, '0000-00-00 00:00:00'),
	(176, 23, 'K21', 1, 999, 'odd-even', 0, '2012-01-27 00:00:00', 0, '0000-00-00 00:00:00', 0, '0000-00-00 00:00:00'),
	(177, 5, 'L21', 1, 999, 'odd-even', 0, '2012-01-27 00:00:00', 0, '0000-00-00 00:00:00', 0, '0000-00-00 00:00:00'),
	(178, 28, 'H21', 1, 999, 'odd-even', 0, '2012-01-27 00:00:00', 0, '0000-00-00 00:00:00', 0, '0000-00-00 00:00:00'),
	(180, 9, 'L32', 82, 98, 'even', 0, '2012-01-27 00:00:00', 0, '0000-00-00 00:00:00', 0, '0000-00-00 00:00:00'),
	(181, 39, 'K22', 1, 999, 'odd-even', 0, '2012-01-27 00:00:00', 0, '0000-00-00 00:00:00', 0, '0000-00-00 00:00:00'),
	(182, 37, 'W22', 1, 999, 'odd-even', 0, '2012-01-27 00:00:00', 0, '0000-00-00 00:00:00', 0, '0000-00-00 00:00:00'),
	(183, 21, 'K12', 1, 999, 'odd-even', 0, '2012-01-27 00:00:00', 0, '0000-00-00 00:00:00', 0, '0000-00-00 00:00:00'),
	(184, 35, 'W12', 1, 999, 'odd-even', 0, '2012-01-27 00:00:00', 0, '0000-00-00 00:00:00', 0, '0000-00-00 00:00:00'),
	(185, 34, 'W11', 1, 999, 'odd-even', 0, '2012-01-27 00:00:00', 0, '0000-00-00 00:00:00', 0, '0000-00-00 00:00:00'),
	(186, 28, 'H21', 1, 999, 'odd-even', 0, '2012-01-27 00:00:00', 0, '0000-00-00 00:00:00', 0, '0000-00-00 00:00:00'),
	(187, 39, 'K22', 1, 999, 'odd-even', 0, '2012-01-27 00:00:00', 0, '0000-00-00 00:00:00', 0, '0000-00-00 00:00:00'),
	(188, 13, 'L43', 1, 999, 'odd-even', 0, '2012-01-27 00:00:00', 0, '0000-00-00 00:00:00', 0, '0000-00-00 00:00:00'),
	(189, 37, 'W22', 1, 999, 'odd-even', 0, '2012-01-27 00:00:00', 0, '0000-00-00 00:00:00', 0, '0000-00-00 00:00:00'),
	(190, 28, 'H21', 1, 999, 'odd-even', 0, '2012-01-27 00:00:00', 0, '0000-00-00 00:00:00', 0, '0000-00-00 00:00:00'),
	(191, 10, 'L33', 16, 999, 'odd-even', 0, '2012-01-27 00:00:00', 0, '0000-00-00 00:00:00', 0, '0000-00-00 00:00:00'),
	(192, 33, 'H33', 1, 999, 'odd-even', 0, '2012-01-27 00:00:00', 0, '0000-00-00 00:00:00', 0, '0000-00-00 00:00:00'),
	(193, 16, 'L53', 1, 999, 'odd-even', 0, '2012-01-27 00:00:00', 0, '0000-00-00 00:00:00', 0, '0000-00-00 00:00:00'),
	(195, 39, 'K22', 1, 999, 'odd-even', 0, '2012-01-27 00:00:00', 0, '0000-00-00 00:00:00', 0, '0000-00-00 00:00:00'),
	(196, 39, 'K22', 1, 999, 'odd-even', 0, '2012-01-27 00:00:00', 0, '0000-00-00 00:00:00', 0, '0000-00-00 00:00:00'),
	(197, 39, 'K22', 1, 999, 'odd-even', 0, '2012-01-27 00:00:00', 0, '0000-00-00 00:00:00', 0, '0000-00-00 00:00:00'),
	(198, 39, 'K22', 1, 999, 'odd-even', 0, '2012-01-27 00:00:00', 0, '0000-00-00 00:00:00', 0, '0000-00-00 00:00:00'),
	(199, 33, 'H33', 1, 999, 'odd-even', 0, '2012-01-27 00:00:00', 0, '0000-00-00 00:00:00', 0, '0000-00-00 00:00:00'),
	(200, 5, 'L21', 1, 999, 'odd-even', 0, '2012-01-27 00:00:00', 0, '0000-00-00 00:00:00', 0, '0000-00-00 00:00:00'),
	(201, 34, 'W11', 1, 999, 'odd-even', 0, '2012-01-27 00:00:00', 0, '0000-00-00 00:00:00', 0, '0000-00-00 00:00:00'),
	(202, 34, 'W11', 1, 999, 'odd-even', 0, '2012-01-27 00:00:00', 0, '0000-00-00 00:00:00', 0, '0000-00-00 00:00:00'),
	(203, 9, 'L32', 59, 999, 'odd', 0, '2012-01-27 00:00:00', 0, '0000-00-00 00:00:00', 0, '0000-00-00 00:00:00'),
	(204, 28, 'H21', 1, 999, 'odd-even', 0, '2012-01-27 00:00:00', 0, '0000-00-00 00:00:00', 0, '0000-00-00 00:00:00'),
	(205, 13, 'L43', 1, 999, 'odd-even', 0, '2012-01-27 00:00:00', 0, '0000-00-00 00:00:00', 0, '0000-00-00 00:00:00'),
	(206, 29, 'H22', 93, 999, 'odd', 0, '2012-01-27 00:00:00', 0, '0000-00-00 00:00:00', 0, '0000-00-00 00:00:00'),
	(207, 8, 'L31', 1, 999, 'odd-even', 0, '2012-01-27 00:00:00', 0, '0000-00-00 00:00:00', 0, '0000-00-00 00:00:00'),
	(208, 7, 'L23', 1, 999, 'odd-even', 0, '2012-01-27 00:00:00', 0, '0000-00-00 00:00:00', 0, '0000-00-00 00:00:00');

INSERT INTO `districts_relations` (`districts_relation_id`, `districts_district_id`, `districts_district_code`, `range_start`, `range_end`, `range_parity`, `created_by`, `created_on`, `modified_by`, `modified_on`, `locked_by`, `locked_on`)
VALUES
	(209, 28, 'H21', 1, 999, 'odd-even', 0, '2012-01-27 00:00:00', 0, '0000-00-00 00:00:00', 0, '0000-00-00 00:00:00'),
	(211, 35, 'W12', 1, 999, 'odd-even', 0, '2012-01-27 00:00:00', 0, '0000-00-00 00:00:00', 0, '0000-00-00 00:00:00'),
	(212, 31, 'H31', 1, 999, 'odd-even', 0, '2012-01-27 00:00:00', 0, '0000-00-00 00:00:00', 0, '0000-00-00 00:00:00'),
	(213, 34, 'W11', 1, 999, 'odd-even', 0, '2012-01-27 00:00:00', 0, '0000-00-00 00:00:00', 0, '0000-00-00 00:00:00'),
	(214, 16, 'L53', 1, 999, 'odd-even', 0, '2012-01-27 00:00:00', 0, '0000-00-00 00:00:00', 0, '0000-00-00 00:00:00'),
	(216, 37, 'W22', 1, 999, 'odd-even', 0, '2012-01-27 00:00:00', 0, '0000-00-00 00:00:00', 0, '0000-00-00 00:00:00'),
	(217, 33, 'H33', 1, 999, 'odd-even', 0, '2012-01-27 00:00:00', 0, '0000-00-00 00:00:00', 0, '0000-00-00 00:00:00'),
	(218, 7, 'L23', 2, 998, 'even', 0, '2012-01-27 00:00:00', 0, '0000-00-00 00:00:00', 0, '0000-00-00 00:00:00'),
	(219, 12, 'L42', 69, 999, 'odd-even', 0, '2012-01-27 00:00:00', 0, '0000-00-00 00:00:00', 0, '0000-00-00 00:00:00'),
	(220, 32, 'H32', 1, 999, 'odd-even', 0, '2012-01-27 00:00:00', 0, '0000-00-00 00:00:00', 0, '0000-00-00 00:00:00'),
	(221, 10, 'L33', 1, 999, 'odd-even', 0, '2012-01-27 00:00:00', 0, '0000-00-00 00:00:00', 0, '0000-00-00 00:00:00'),
	(222, 33, 'H33', 1, 999, 'odd-even', 0, '2012-01-27 00:00:00', 0, '0000-00-00 00:00:00', 0, '0000-00-00 00:00:00'),
	(223, 40, 'K32', 1, 999, 'odd-even', 0, '2012-01-27 00:00:00', 0, '0000-00-00 00:00:00', 0, '0000-00-00 00:00:00'),
	(224, 45, 'K43', 1, 999, 'odd-even', 0, '2012-01-27 00:00:00', 0, '0000-00-00 00:00:00', 0, '0000-00-00 00:00:00'),
	(225, 22, 'K13', 1, 999, 'odd-even', 0, '2012-01-27 00:00:00', 0, '0000-00-00 00:00:00', 0, '0000-00-00 00:00:00'),
	(226, 21, 'K12', 1, 999, 'odd-even', 0, '2012-01-27 00:00:00', 0, '0000-00-00 00:00:00', 0, '0000-00-00 00:00:00'),
	(227, 41, 'K31', 1, 999, 'odd-even', 0, '2012-01-27 00:00:00', 0, '0000-00-00 00:00:00', 0, '0000-00-00 00:00:00'),
	(228, 8, 'L31', 1, 999, 'odd-even', 0, '2012-01-27 00:00:00', 0, '0000-00-00 00:00:00', 0, '0000-00-00 00:00:00'),
	(229, 25, 'H11', 1, 999, 'odd-even', 0, '2012-01-27 00:00:00', 0, '0000-00-00 00:00:00', 0, '0000-00-00 00:00:00'),
	(230, 12, 'L42', 1, 999, 'odd-even', 0, '2012-01-27 00:00:00', 0, '0000-00-00 00:00:00', 0, '0000-00-00 00:00:00'),
	(231, 35, 'W12', 1, 999, 'odd-even', 0, '2012-01-27 00:00:00', 0, '0000-00-00 00:00:00', 0, '0000-00-00 00:00:00'),
	(232, 33, 'H33', 1, 999, 'odd-even', 0, '2012-01-27 00:00:00', 0, '0000-00-00 00:00:00', 0, '0000-00-00 00:00:00'),
	(233, 38, 'W21', 1, 999, 'odd-even', 0, '2012-01-27 00:00:00', 0, '0000-00-00 00:00:00', 0, '0000-00-00 00:00:00'),
	(234, 35, 'W12', 1, 999, 'odd-even', 0, '2012-01-27 00:00:00', 0, '0000-00-00 00:00:00', 0, '0000-00-00 00:00:00'),
	(235, 34, 'W11', 1, 999, 'odd-even', 0, '2012-01-27 00:00:00', 0, '0000-00-00 00:00:00', 0, '0000-00-00 00:00:00'),
	(236, 34, 'W11', 1, 999, 'odd-even', 0, '2012-01-27 00:00:00', 0, '0000-00-00 00:00:00', 0, '0000-00-00 00:00:00'),
	(237, 35, 'W12', 1, 999, 'odd-even', 0, '2012-01-27 00:00:00', 0, '0000-00-00 00:00:00', 0, '0000-00-00 00:00:00'),
	(238, 40, 'K32', 1, 999, 'odd-even', 0, '2012-01-27 00:00:00', 0, '0000-00-00 00:00:00', 0, '0000-00-00 00:00:00'),
	(239, 17, 'L61', 1, 99, 'odd', 0, '2012-01-27 00:00:00', 0, '0000-00-00 00:00:00', 0, '0000-00-00 00:00:00'),
	(240, 30, 'H23', 1, 999, 'odd-even', 0, '2012-01-27 00:00:00', 0, '0000-00-00 00:00:00', 0, '0000-00-00 00:00:00'),
	(241, 7, 'L23', 1, 999, 'odd-even', 0, '2012-01-27 00:00:00', 0, '0000-00-00 00:00:00', 0, '0000-00-00 00:00:00'),
	(242, 14, 'L51', 1, 999, 'odd-even', 0, '2012-01-27 00:00:00', 0, '0000-00-00 00:00:00', 0, '0000-00-00 00:00:00'),
	(243, 29, 'H22', 1, 999, 'odd-even', 0, '2012-01-27 00:00:00', 0, '0000-00-00 00:00:00', 0, '0000-00-00 00:00:00'),
	(244, 30, 'H23', 1, 999, 'odd-even', 0, '2012-01-27 00:00:00', 0, '0000-00-00 00:00:00', 0, '0000-00-00 00:00:00'),
	(245, 31, 'H31', 1, 999, 'odd-even', 0, '2012-01-27 00:00:00', 0, '0000-00-00 00:00:00', 0, '0000-00-00 00:00:00'),
	(247, 5, 'L21', 1, 999, 'odd-even', 0, '2012-01-27 00:00:00', 0, '0000-00-00 00:00:00', 0, '0000-00-00 00:00:00'),
	(248, 42, 'K33', 1, 999, 'odd-even', 0, '2012-01-27 00:00:00', 0, '0000-00-00 00:00:00', 0, '0000-00-00 00:00:00'),
	(249, 24, 'K23', 1, 999, 'odd-even', 0, '2012-01-27 00:00:00', 0, '0000-00-00 00:00:00', 0, '0000-00-00 00:00:00'),
	(250, 37, 'W22', 1, 999, 'odd-even', 0, '2012-01-27 00:00:00', 0, '0000-00-00 00:00:00', 0, '0000-00-00 00:00:00'),
	(251, 39, 'K22', 1, 999, 'odd-even', 0, '2012-01-27 00:00:00', 0, '0000-00-00 00:00:00', 0, '0000-00-00 00:00:00'),
	(252, 38, 'W21', 1, 999, 'odd-even', 0, '2012-01-27 00:00:00', 0, '0000-00-00 00:00:00', 0, '0000-00-00 00:00:00'),
	(253, 25, 'H11', 1, 999, 'odd-even', 0, '2012-01-27 00:00:00', 0, '0000-00-00 00:00:00', 0, '0000-00-00 00:00:00'),
	(255, 9, 'L32', 1, 999, 'odd-even', 0, '2012-01-27 00:00:00', 0, '0000-00-00 00:00:00', 0, '0000-00-00 00:00:00'),
	(256, 40, 'K32', 1, 999, 'odd-even', 0, '2012-01-27 00:00:00', 0, '0000-00-00 00:00:00', 0, '0000-00-00 00:00:00'),
	(257, 28, 'H21', 1, 999, 'odd-even', 0, '2012-01-27 00:00:00', 0, '0000-00-00 00:00:00', 0, '0000-00-00 00:00:00'),
	(258, 44, 'K41', 1, 999, 'odd-even', 0, '2012-01-27 00:00:00', 0, '0000-00-00 00:00:00', 0, '0000-00-00 00:00:00'),
	(259, 28, 'H21', 1, 999, 'odd-even', 0, '2012-01-27 00:00:00', 0, '0000-00-00 00:00:00', 0, '0000-00-00 00:00:00'),
	(260, 20, 'K11', 1, 999, 'odd-even', 0, '2012-01-27 00:00:00', 0, '0000-00-00 00:00:00', 0, '0000-00-00 00:00:00'),
	(261, 44, 'K41', 1, 999, 'odd-even', 0, '2012-01-27 00:00:00', 0, '0000-00-00 00:00:00', 0, '0000-00-00 00:00:00'),
	(262, 12, 'L42', 1, 999, 'odd-even', 0, '2012-01-27 00:00:00', 0, '0000-00-00 00:00:00', 0, '0000-00-00 00:00:00'),
	(263, 7, 'L23', 1, 999, 'odd-even', 0, '2012-01-27 00:00:00', 0, '0000-00-00 00:00:00', 0, '0000-00-00 00:00:00'),
	(264, 11, 'L41', 1, 999, 'odd-even', 0, '2012-01-27 00:00:00', 0, '0000-00-00 00:00:00', 0, '0000-00-00 00:00:00'),
	(265, 40, 'K32', 161, 215, 'odd', 0, '2012-01-27 00:00:00', 0, '0000-00-00 00:00:00', 0, '0000-00-00 00:00:00'),
	(266, 16, 'L53', 1, 999, 'odd-even', 0, '2012-01-27 00:00:00', 0, '0000-00-00 00:00:00', 0, '0000-00-00 00:00:00'),
	(267, 8, 'L31', 1, 99, 'odd-even', 0, '2012-01-27 00:00:00', 0, '0000-00-00 00:00:00', 0, '0000-00-00 00:00:00'),
	(268, 35, 'W12', 1, 999, 'odd-even', 0, '2012-01-27 00:00:00', 0, '0000-00-00 00:00:00', 0, '0000-00-00 00:00:00'),
	(269, 16, 'L53', 1, 999, 'odd-even', 0, '2012-01-27 00:00:00', 0, '0000-00-00 00:00:00', 0, '0000-00-00 00:00:00'),
	(270, 38, 'W21', 1, 999, 'odd-even', 0, '2012-01-27 00:00:00', 0, '0000-00-00 00:00:00', 0, '0000-00-00 00:00:00'),
	(271, 38, 'W21', 1, 999, 'odd-even', 0, '2012-01-27 00:00:00', 0, '0000-00-00 00:00:00', 0, '0000-00-00 00:00:00'),
	(272, 39, 'K22', 1, 999, 'odd-even', 0, '2012-01-27 00:00:00', 0, '0000-00-00 00:00:00', 0, '0000-00-00 00:00:00'),
	(273, 16, 'L53', 1, 999, 'odd-even', 0, '2012-01-27 00:00:00', 0, '0000-00-00 00:00:00', 0, '0000-00-00 00:00:00'),
	(274, 12, 'L42', 1, 999, 'odd-even', 0, '2012-01-27 00:00:00', 0, '0000-00-00 00:00:00', 0, '0000-00-00 00:00:00'),
	(275, 14, 'L51', 1, 999, 'odd-even', 0, '2012-01-27 00:00:00', 0, '0000-00-00 00:00:00', 0, '0000-00-00 00:00:00'),
	(276, 43, 'K42', 1, 999, 'odd-even', 0, '2012-01-27 00:00:00', 0, '0000-00-00 00:00:00', 0, '0000-00-00 00:00:00'),
	(277, 37, 'W22', 1, 999, 'odd-even', 0, '2012-01-27 00:00:00', 0, '0000-00-00 00:00:00', 0, '0000-00-00 00:00:00');

INSERT INTO `districts_relations` (`districts_relation_id`, `districts_district_id`, `districts_district_code`, `range_start`, `range_end`, `range_parity`, `created_by`, `created_on`, `modified_by`, `modified_on`, `locked_by`, `locked_on`)
VALUES
	(278, 13, 'L43', 1, 999, 'odd-even', 0, '2012-01-27 00:00:00', 0, '0000-00-00 00:00:00', 0, '0000-00-00 00:00:00'),
	(279, 38, 'W21', 1, 999, 'odd-even', 0, '2012-01-27 00:00:00', 0, '0000-00-00 00:00:00', 0, '0000-00-00 00:00:00'),
	(280, 11, 'L41', 1, 9999, 'odd-even', 0, '2012-01-27 00:00:00', 0, '0000-00-00 00:00:00', 0, '0000-00-00 00:00:00'),
	(281, 31, 'H31', 1, 999, 'odd-even', 0, '2012-01-27 00:00:00', 0, '0000-00-00 00:00:00', 0, '0000-00-00 00:00:00'),
	(282, 38, 'W21', 1, 999, 'odd-even', 0, '2012-01-27 00:00:00', 0, '0000-00-00 00:00:00', 0, '0000-00-00 00:00:00'),
	(283, 34, 'W11', 1, 999, 'odd-even', 0, '2012-01-27 00:00:00', 0, '0000-00-00 00:00:00', 0, '0000-00-00 00:00:00'),
	(284, 35, 'W12', 1, 999, 'odd-even', 0, '2012-01-27 00:00:00', 0, '0000-00-00 00:00:00', 0, '0000-00-00 00:00:00'),
	(285, 13, 'L43', 1, 999, 'odd-even', 0, '2012-01-27 00:00:00', 0, '0000-00-00 00:00:00', 0, '0000-00-00 00:00:00'),
	(286, 6, 'L22', 1, 999, 'odd-even', 0, '2012-01-27 00:00:00', 0, '0000-00-00 00:00:00', 0, '0000-00-00 00:00:00'),
	(287, 40, 'K32', 1, 999, 'odd-even', 0, '2012-01-27 00:00:00', 0, '0000-00-00 00:00:00', 0, '0000-00-00 00:00:00'),
	(288, 10, 'L33', 1, 999, 'odd-even', 0, '2012-01-27 00:00:00', 0, '0000-00-00 00:00:00', 0, '0000-00-00 00:00:00'),
	(289, 14, 'L51', 1, 999, 'odd-even', 0, '2012-01-27 00:00:00', 0, '0000-00-00 00:00:00', 0, '0000-00-00 00:00:00'),
	(290, 5, 'L21', 1, 999, 'odd-even', 0, '2012-01-27 00:00:00', 0, '0000-00-00 00:00:00', 0, '0000-00-00 00:00:00'),
	(291, 13, 'L43', 1, 999, 'odd-even', 0, '2012-01-27 00:00:00', 0, '0000-00-00 00:00:00', 0, '0000-00-00 00:00:00'),
	(292, 40, 'K32', 1, 999, 'odd-even', 0, '2012-01-27 00:00:00', 0, '0000-00-00 00:00:00', 0, '0000-00-00 00:00:00'),
	(293, 28, 'H21', 1, 999, 'odd-even', 0, '2012-01-27 00:00:00', 0, '0000-00-00 00:00:00', 0, '0000-00-00 00:00:00'),
	(294, 42, 'K33', 1, 999, 'odd-even', 0, '2012-01-27 00:00:00', 0, '0000-00-00 00:00:00', 0, '0000-00-00 00:00:00'),
	(295, 42, 'K33', 1, 999, 'odd-even', 0, '2012-01-27 00:00:00', 0, '0000-00-00 00:00:00', 0, '0000-00-00 00:00:00'),
	(296, 28, 'H21', 1, 999, 'odd-even', 0, '2012-01-27 00:00:00', 0, '0000-00-00 00:00:00', 0, '0000-00-00 00:00:00'),
	(297, 38, 'W21', 1, 999, 'odd-even', 0, '2012-01-27 00:00:00', 0, '0000-00-00 00:00:00', 0, '0000-00-00 00:00:00'),
	(298, 25, 'H11', 1, 999, 'odd-even', 0, '2012-01-27 00:00:00', 0, '0000-00-00 00:00:00', 0, '0000-00-00 00:00:00'),
	(299, 37, 'W22', 1, 999, 'odd-even', 0, '2012-01-27 00:00:00', 0, '0000-00-00 00:00:00', 0, '0000-00-00 00:00:00'),
	(300, 35, 'W12', 1, 999, 'odd-even', 0, '2012-01-27 00:00:00', 0, '0000-00-00 00:00:00', 0, '0000-00-00 00:00:00'),
	(301, 10, 'L33', 1, 999, 'odd-even', 0, '2012-01-27 00:00:00', 0, '0000-00-00 00:00:00', 0, '0000-00-00 00:00:00'),
	(303, 28, 'H21', 1, 999, 'odd-even', 0, '2012-01-27 00:00:00', 0, '0000-00-00 00:00:00', 0, '0000-00-00 00:00:00'),
	(305, 34, 'W11', 1, 999, 'odd-even', 0, '2012-01-27 00:00:00', 0, '0000-00-00 00:00:00', 0, '0000-00-00 00:00:00'),
	(306, 29, 'H22', 1, 999, 'odd-even', 0, '2012-01-27 00:00:00', 0, '0000-00-00 00:00:00', 0, '0000-00-00 00:00:00'),
	(307, 23, 'K21', 1, 999, 'odd-even', 0, '2012-01-27 00:00:00', 0, '0000-00-00 00:00:00', 0, '0000-00-00 00:00:00'),
	(308, 28, 'H21', 1, 999, 'odd-even', 0, '2012-01-27 00:00:00', 0, '0000-00-00 00:00:00', 0, '0000-00-00 00:00:00'),
	(309, 9, 'L32', 1, 999, 'odd-even', 0, '2012-01-27 00:00:00', 0, '0000-00-00 00:00:00', 0, '0000-00-00 00:00:00'),
	(310, 14, 'L51', 1, 999, 'odd-even', 0, '2012-01-27 00:00:00', 0, '0000-00-00 00:00:00', 0, '0000-00-00 00:00:00'),
	(311, 7, 'L23', 1, 999, 'odd-even', 0, '2012-01-27 00:00:00', 0, '0000-00-00 00:00:00', 0, '0000-00-00 00:00:00'),
	(312, 5, 'L21', 1, 999, 'odd-even', 0, '2012-01-27 00:00:00', 0, '0000-00-00 00:00:00', 0, '0000-00-00 00:00:00'),
	(313, 29, 'H22', 1, 999, 'odd-even', 0, '2012-01-27 00:00:00', 0, '0000-00-00 00:00:00', 0, '0000-00-00 00:00:00'),
	(314, 38, 'W21', 1, 999, 'odd-even', 0, '2012-01-27 00:00:00', 0, '0000-00-00 00:00:00', 0, '0000-00-00 00:00:00'),
	(315, 10, 'L33', 1, 999, 'odd-even', 0, '2012-01-27 00:00:00', 0, '0000-00-00 00:00:00', 0, '0000-00-00 00:00:00'),
	(316, 10, 'L33', 1, 999, 'odd-even', 0, '2012-01-27 00:00:00', 0, '0000-00-00 00:00:00', 0, '0000-00-00 00:00:00'),
	(317, 10, 'L33', 1, 999, 'odd-even', 0, '2012-01-27 00:00:00', 0, '0000-00-00 00:00:00', 0, '0000-00-00 00:00:00'),
	(318, 37, 'W22', 1, 999, 'odd-even', 0, '2012-01-27 00:00:00', 0, '0000-00-00 00:00:00', 0, '0000-00-00 00:00:00'),
	(319, 25, 'H11', 1, 999, 'odd-even', 0, '2012-01-27 00:00:00', 0, '0000-00-00 00:00:00', 0, '0000-00-00 00:00:00'),
	(320, 25, 'H11', 1, 999, 'odd-even', 0, '2012-01-27 00:00:00', 0, '0000-00-00 00:00:00', 0, '0000-00-00 00:00:00'),
	(321, 35, 'W12', 1, 999, 'odd-even', 0, '2012-01-27 00:00:00', 0, '0000-00-00 00:00:00', 0, '0000-00-00 00:00:00'),
	(322, 41, 'K31', 1, 999, 'odd-even', 0, '2012-01-27 00:00:00', 0, '0000-00-00 00:00:00', 0, '0000-00-00 00:00:00'),
	(324, 41, 'K31', 1, 999, 'odd-even', 0, '2012-01-27 00:00:00', 0, '0000-00-00 00:00:00', 0, '0000-00-00 00:00:00'),
	(326, 37, 'W22', 1, 999, 'odd-even', 0, '2012-01-27 00:00:00', 0, '0000-00-00 00:00:00', 0, '0000-00-00 00:00:00'),
	(327, 20, 'K11', 1, 999, 'odd-even', 0, '2012-01-27 00:00:00', 0, '0000-00-00 00:00:00', 0, '0000-00-00 00:00:00'),
	(328, 18, 'L62', 1, 999, 'odd-even', 0, '2012-01-27 00:00:00', 0, '0000-00-00 00:00:00', 0, '0000-00-00 00:00:00'),
	(329, 17, 'L61', 31, 999, 'odd', 0, '2012-01-27 00:00:00', 0, '0000-00-00 00:00:00', 0, '0000-00-00 00:00:00'),
	(330, 38, 'W21', 1, 999, 'odd-even', 0, '2012-01-27 00:00:00', 0, '0000-00-00 00:00:00', 0, '0000-00-00 00:00:00'),
	(331, 35, 'W12', 1, 999, 'odd-even', 0, '2012-01-27 00:00:00', 0, '0000-00-00 00:00:00', 0, '0000-00-00 00:00:00'),
	(332, 35, 'W12', 1, 999, 'odd-even', 0, '2012-01-27 00:00:00', 0, '0000-00-00 00:00:00', 0, '0000-00-00 00:00:00'),
	(333, 40, 'K32', 1, 999, 'odd-even', 0, '2012-01-27 00:00:00', 0, '0000-00-00 00:00:00', 0, '0000-00-00 00:00:00'),
	(334, 43, 'K42', 1, 999, 'odd-even', 0, '2012-01-27 00:00:00', 0, '0000-00-00 00:00:00', 0, '0000-00-00 00:00:00'),
	(335, 38, 'W21', 1, 999, 'odd-even', 0, '2012-01-27 00:00:00', 0, '0000-00-00 00:00:00', 0, '0000-00-00 00:00:00'),
	(336, 39, 'K22', 1, 999, 'odd-even', 0, '2012-01-27 00:00:00', 0, '0000-00-00 00:00:00', 0, '0000-00-00 00:00:00'),
	(337, 26, 'H12', 1, 999, 'odd-even', 0, '2012-01-27 00:00:00', 0, '0000-00-00 00:00:00', 0, '0000-00-00 00:00:00'),
	(338, 26, 'H12', 1, 999, 'odd-even', 0, '2012-01-27 00:00:00', 0, '0000-00-00 00:00:00', 0, '0000-00-00 00:00:00'),
	(339, 29, 'H22', 1, 999, 'odd-even', 0, '2012-01-27 00:00:00', 0, '0000-00-00 00:00:00', 0, '0000-00-00 00:00:00'),
	(340, 35, 'W12', 1, 999, 'odd-even', 0, '2012-01-27 00:00:00', 0, '0000-00-00 00:00:00', 0, '0000-00-00 00:00:00'),
	(341, 23, 'K21', 1, 999, 'odd-even', 0, '2012-01-27 00:00:00', 0, '0000-00-00 00:00:00', 0, '0000-00-00 00:00:00'),
	(342, 38, 'W21', 1, 999, 'odd-even', 0, '2012-01-27 00:00:00', 0, '0000-00-00 00:00:00', 0, '0000-00-00 00:00:00'),
	(343, 15, 'L52', 1, 999, 'odd-even', 0, '2012-01-27 00:00:00', 0, '0000-00-00 00:00:00', 0, '0000-00-00 00:00:00'),
	(344, 42, 'K33', 1, 999, 'odd-even', 0, '2012-01-27 00:00:00', 0, '0000-00-00 00:00:00', 0, '0000-00-00 00:00:00'),
	(346, 24, 'K23', 156, 332, 'even', 0, '2012-01-27 00:00:00', 0, '0000-00-00 00:00:00', 0, '0000-00-00 00:00:00'),
	(347, 24, 'K23', 137, 359, 'odd', 0, '2012-01-27 00:00:00', 0, '0000-00-00 00:00:00', 0, '0000-00-00 00:00:00');

INSERT INTO `districts_relations` (`districts_relation_id`, `districts_district_id`, `districts_district_code`, `range_start`, `range_end`, `range_parity`, `created_by`, `created_on`, `modified_by`, `modified_on`, `locked_by`, `locked_on`)
VALUES
	(348, 34, 'W11', 1, 999, 'odd-even', 0, '2012-01-27 00:00:00', 0, '0000-00-00 00:00:00', 0, '0000-00-00 00:00:00'),
	(349, 23, 'K21', 1, 999, 'odd-even', 0, '2012-01-27 00:00:00', 0, '0000-00-00 00:00:00', 0, '0000-00-00 00:00:00'),
	(350, 45, 'K43', 1, 999, 'odd-even', 0, '2012-01-27 00:00:00', 0, '0000-00-00 00:00:00', 0, '0000-00-00 00:00:00'),
	(351, 38, 'W21', 1, 999, 'odd-even', 0, '2012-01-27 00:00:00', 0, '0000-00-00 00:00:00', 0, '0000-00-00 00:00:00'),
	(352, 36, 'W13', 1, 999, 'odd-even', 0, '2012-01-27 00:00:00', 0, '0000-00-00 00:00:00', 0, '0000-00-00 00:00:00'),
	(353, 38, 'W21', 1, 999, 'odd-even', 0, '2012-01-27 00:00:00', 0, '0000-00-00 00:00:00', 0, '0000-00-00 00:00:00'),
	(354, 8, 'L31', 1, 999, 'odd-even', 0, '2012-01-27 00:00:00', 0, '0000-00-00 00:00:00', 0, '0000-00-00 00:00:00'),
	(355, 10, 'L33', 1, 999, 'odd-even', 0, '2012-01-27 00:00:00', 0, '0000-00-00 00:00:00', 0, '0000-00-00 00:00:00'),
	(356, 8, 'L31', 1, 999, 'odd-even', 0, '2012-01-27 00:00:00', 0, '0000-00-00 00:00:00', 0, '0000-00-00 00:00:00'),
	(357, 5, 'L21', 1, 999, 'odd-even', 0, '2012-01-27 00:00:00', 0, '0000-00-00 00:00:00', 0, '0000-00-00 00:00:00'),
	(358, 15, 'L52', 1, 999, 'odd-even', 0, '2012-01-27 00:00:00', 0, '0000-00-00 00:00:00', 0, '0000-00-00 00:00:00'),
	(359, 37, 'W22', 1, 999, 'odd-even', 0, '2012-01-27 00:00:00', 0, '0000-00-00 00:00:00', 0, '0000-00-00 00:00:00'),
	(360, 26, 'H12', 1, 999, 'odd-even', 0, '2012-01-27 00:00:00', 0, '0000-00-00 00:00:00', 0, '0000-00-00 00:00:00'),
	(361, 11, 'L41', 1, 999, 'odd-even', 0, '2012-01-27 00:00:00', 0, '0000-00-00 00:00:00', 0, '0000-00-00 00:00:00'),
	(362, 11, 'L41', 1, 999, 'odd-even', 0, '2012-01-27 00:00:00', 0, '0000-00-00 00:00:00', 0, '0000-00-00 00:00:00'),
	(363, 25, 'H11', 1, 129, 'odd', 0, '2012-01-27 00:00:00', 0, '0000-00-00 00:00:00', 0, '0000-00-00 00:00:00'),
	(364, 25, 'H11', 1, 999, 'odd-even', 0, '2012-01-27 00:00:00', 0, '0000-00-00 00:00:00', 0, '0000-00-00 00:00:00'),
	(365, 18, 'L62', 1, 999, 'odd-even', 0, '2012-01-27 00:00:00', 0, '0000-00-00 00:00:00', 0, '0000-00-00 00:00:00'),
	(366, 24, 'K23', 1, 999, 'odd-even', 0, '2012-01-27 00:00:00', 0, '0000-00-00 00:00:00', 0, '0000-00-00 00:00:00'),
	(367, 24, 'K23', 1, 999, 'odd-even', 0, '2012-01-27 00:00:00', 0, '0000-00-00 00:00:00', 0, '0000-00-00 00:00:00'),
	(368, 26, 'H12', 1, 999, 'odd-even', 0, '2012-01-27 00:00:00', 0, '0000-00-00 00:00:00', 0, '0000-00-00 00:00:00'),
	(369, 5, 'L21', 1, 999, 'odd-even', 0, '2012-01-27 00:00:00', 0, '0000-00-00 00:00:00', 0, '0000-00-00 00:00:00'),
	(370, 9, 'L32', 1, 999, 'odd-even', 0, '2012-01-27 00:00:00', 0, '0000-00-00 00:00:00', 0, '0000-00-00 00:00:00'),
	(371, 14, 'L51', 1, 999, 'odd-even', 0, '2012-01-27 00:00:00', 0, '0000-00-00 00:00:00', 0, '0000-00-00 00:00:00'),
	(372, 26, 'H12', 1, 999, 'odd-even', 0, '2012-01-27 00:00:00', 0, '0000-00-00 00:00:00', 0, '0000-00-00 00:00:00'),
	(373, 23, 'K21', 1, 999, 'odd-even', 0, '2012-01-27 00:00:00', 0, '0000-00-00 00:00:00', 0, '0000-00-00 00:00:00'),
	(374, 15, 'L52', 4, 998, 'even', 0, '2012-01-27 00:00:00', 0, '0000-00-00 00:00:00', 0, '0000-00-00 00:00:00'),
	(375, 24, 'K23', 1, 999, 'odd-even', 0, '2012-01-27 00:00:00', 0, '0000-00-00 00:00:00', 0, '0000-00-00 00:00:00'),
	(376, 38, 'W21', 1, 999, 'odd-even', 0, '2012-01-27 00:00:00', 0, '0000-00-00 00:00:00', 0, '0000-00-00 00:00:00'),
	(377, 9, 'L32', 1, 999, 'odd-even', 0, '2012-01-27 00:00:00', 0, '0000-00-00 00:00:00', 0, '0000-00-00 00:00:00'),
	(378, 23, 'K21', 1, 999, 'odd-even', 0, '2012-01-27 00:00:00', 0, '0000-00-00 00:00:00', 0, '0000-00-00 00:00:00'),
	(379, 33, 'H33', 1, 999, 'odd-even', 0, '2012-01-27 00:00:00', 0, '0000-00-00 00:00:00', 0, '0000-00-00 00:00:00'),
	(380, 33, 'H33', 1, 999, 'odd-even', 0, '2012-01-27 00:00:00', 0, '0000-00-00 00:00:00', 0, '0000-00-00 00:00:00'),
	(381, 33, 'H33', 1, 999, 'odd-even', 0, '2012-01-27 00:00:00', 0, '0000-00-00 00:00:00', 0, '0000-00-00 00:00:00'),
	(382, 43, 'K42', 1, 999, 'odd-even', 0, '2012-01-27 00:00:00', 0, '0000-00-00 00:00:00', 0, '0000-00-00 00:00:00'),
	(383, 35, 'W12', 1, 999, 'odd-even', 0, '2012-01-27 00:00:00', 0, '0000-00-00 00:00:00', 0, '0000-00-00 00:00:00'),
	(384, 24, 'K23', 2, 998, 'even', 0, '2012-01-27 00:00:00', 0, '0000-00-00 00:00:00', 0, '0000-00-00 00:00:00'),
	(385, 20, 'K11', 1, 999, 'odd-even', 0, '2012-01-27 00:00:00', 0, '0000-00-00 00:00:00', 0, '0000-00-00 00:00:00'),
	(386, 30, 'H23', 1, 999, 'odd-even', 0, '2012-01-27 00:00:00', 0, '0000-00-00 00:00:00', 0, '0000-00-00 00:00:00'),
	(387, 37, 'W22', 1, 999, 'odd-even', 0, '2012-01-27 00:00:00', 0, '0000-00-00 00:00:00', 0, '0000-00-00 00:00:00'),
	(388, 35, 'W12', 1, 999, 'odd-even', 0, '2012-01-27 00:00:00', 0, '0000-00-00 00:00:00', 0, '0000-00-00 00:00:00'),
	(389, 24, 'K23', 132, 150, 'even', 0, '2012-01-27 00:00:00', 0, '0000-00-00 00:00:00', 0, '0000-00-00 00:00:00'),
	(390, 19, 'L63', 1, 999, 'odd-even', 0, '2012-01-27 00:00:00', 0, '0000-00-00 00:00:00', 0, '0000-00-00 00:00:00'),
	(391, 37, 'W22', 1, 999, 'odd-even', 0, '2012-01-27 00:00:00', 0, '0000-00-00 00:00:00', 0, '0000-00-00 00:00:00'),
	(392, 37, 'W22', 1, 999, 'odd-even', 0, '2012-01-27 00:00:00', 0, '0000-00-00 00:00:00', 0, '0000-00-00 00:00:00'),
	(393, 32, 'H32', 1, 999, 'odd-even', 0, '2012-01-27 00:00:00', 0, '0000-00-00 00:00:00', 0, '0000-00-00 00:00:00'),
	(394, 45, 'K43', 1, 999, 'odd-even', 0, '2012-01-27 00:00:00', 0, '0000-00-00 00:00:00', 0, '0000-00-00 00:00:00'),
	(395, 24, 'K23', 1, 999, 'odd-even', 0, '2012-01-27 00:00:00', 0, '0000-00-00 00:00:00', 0, '0000-00-00 00:00:00'),
	(396, 38, 'W21', 1, 999, 'odd-even', 0, '2012-01-27 00:00:00', 0, '0000-00-00 00:00:00', 0, '0000-00-00 00:00:00'),
	(397, 38, 'W21', 1, 999, 'odd-even', 0, '2012-01-27 00:00:00', 0, '0000-00-00 00:00:00', 0, '0000-00-00 00:00:00'),
	(398, 19, 'L63', 1, 999, 'odd-even', 0, '2012-01-27 00:00:00', 0, '0000-00-00 00:00:00', 0, '0000-00-00 00:00:00'),
	(399, 38, 'W21', 1, 999, 'odd-even', 0, '2012-01-27 00:00:00', 0, '0000-00-00 00:00:00', 0, '0000-00-00 00:00:00'),
	(401, 23, 'K21', 1, 999, 'odd-even', 0, '2012-01-27 00:00:00', 0, '0000-00-00 00:00:00', 0, '0000-00-00 00:00:00'),
	(402, 10, 'L33', 1, 999, 'odd-even', 0, '2012-01-27 00:00:00', 0, '0000-00-00 00:00:00', 0, '0000-00-00 00:00:00'),
	(403, 12, 'L42', 1, 999, 'odd-even', 0, '2012-01-27 00:00:00', 0, '0000-00-00 00:00:00', 0, '0000-00-00 00:00:00'),
	(404, 12, 'L42', 1, 999, 'odd-even', 0, '2012-01-27 00:00:00', 0, '0000-00-00 00:00:00', 0, '0000-00-00 00:00:00'),
	(405, 25, 'H11', 1, 999, 'odd-even', 0, '2012-01-27 00:00:00', 0, '0000-00-00 00:00:00', 0, '0000-00-00 00:00:00'),
	(406, 26, 'H12', 1, 999, 'odd-even', 0, '2012-01-27 00:00:00', 0, '0000-00-00 00:00:00', 0, '0000-00-00 00:00:00'),
	(407, 41, 'K31', 213, 435, 'odd', 0, '2012-01-27 00:00:00', 0, '0000-00-00 00:00:00', 0, '0000-00-00 00:00:00'),
	(408, 13, 'L43', 1, 999, 'odd-even', 0, '2012-01-27 00:00:00', 0, '0000-00-00 00:00:00', 0, '0000-00-00 00:00:00'),
	(409, 29, 'H22', 1, 999, 'odd-even', 0, '2012-01-27 00:00:00', 0, '0000-00-00 00:00:00', 0, '0000-00-00 00:00:00'),
	(410, 29, 'H22', 1, 999, 'odd-even', 0, '2012-01-27 00:00:00', 0, '0000-00-00 00:00:00', 0, '0000-00-00 00:00:00'),
	(411, 14, 'L51', 1, 999, 'odd-even', 0, '2012-01-27 00:00:00', 0, '0000-00-00 00:00:00', 0, '0000-00-00 00:00:00'),
	(412, 30, 'H23', 1, 999, 'odd-even', 0, '2012-01-27 00:00:00', 0, '0000-00-00 00:00:00', 0, '0000-00-00 00:00:00'),
	(414, 41, 'K31', 1, 9999, 'odd-even', 0, '2012-01-27 00:00:00', 0, '0000-00-00 00:00:00', 0, '0000-00-00 00:00:00'),
	(415, 29, 'H22', 104, 998, 'even', 0, '2012-01-27 00:00:00', 0, '0000-00-00 00:00:00', 0, '0000-00-00 00:00:00');

INSERT INTO `districts_relations` (`districts_relation_id`, `districts_district_id`, `districts_district_code`, `range_start`, `range_end`, `range_parity`, `created_by`, `created_on`, `modified_by`, `modified_on`, `locked_by`, `locked_on`)
VALUES
	(416, 45, 'K43', 1, 999, 'odd', 0, '2012-01-27 00:00:00', 0, '0000-00-00 00:00:00', 0, '0000-00-00 00:00:00'),
	(417, 31, 'H31', 1, 999, 'odd-even', 0, '2012-01-27 00:00:00', 0, '0000-00-00 00:00:00', 0, '0000-00-00 00:00:00'),
	(418, 31, 'H31', 1, 999, 'odd-even', 0, '2012-01-27 00:00:00', 0, '0000-00-00 00:00:00', 0, '0000-00-00 00:00:00'),
	(419, 44, 'K41', 1, 999, 'odd-even', 0, '2012-01-27 00:00:00', 0, '0000-00-00 00:00:00', 0, '0000-00-00 00:00:00'),
	(420, 37, 'W22', 1, 999, 'odd-even', 0, '2012-01-27 00:00:00', 0, '0000-00-00 00:00:00', 0, '0000-00-00 00:00:00'),
	(422, 35, 'W12', 1, 999, 'odd-even', 0, '2012-01-27 00:00:00', 0, '0000-00-00 00:00:00', 0, '0000-00-00 00:00:00'),
	(423, 35, 'W12', 1, 999, 'odd-even', 0, '2012-01-27 00:00:00', 0, '0000-00-00 00:00:00', 0, '0000-00-00 00:00:00'),
	(424, 35, 'W12', 1, 999, 'odd-even', 0, '2012-01-27 00:00:00', 0, '0000-00-00 00:00:00', 0, '0000-00-00 00:00:00'),
	(425, 21, 'K12', 1, 999, 'odd-even', 0, '2012-01-27 00:00:00', 0, '0000-00-00 00:00:00', 0, '0000-00-00 00:00:00'),
	(426, 25, 'H11', 1, 999, 'odd-even', 0, '2012-01-27 00:00:00', 0, '0000-00-00 00:00:00', 0, '0000-00-00 00:00:00'),
	(427, 37, 'W22', 1, 999, 'odd-even', 0, '2012-01-27 00:00:00', 0, '0000-00-00 00:00:00', 0, '0000-00-00 00:00:00'),
	(428, 14, 'L51', 2, 16, 'even', 0, '2012-01-27 00:00:00', 0, '0000-00-00 00:00:00', 0, '0000-00-00 00:00:00'),
	(429, 29, 'H22', 1, 999, 'odd-even', 0, '2012-01-27 00:00:00', 0, '0000-00-00 00:00:00', 0, '0000-00-00 00:00:00'),
	(430, 35, 'W12', 1, 999, 'odd-even', 0, '2012-01-27 00:00:00', 0, '0000-00-00 00:00:00', 0, '0000-00-00 00:00:00'),
	(431, 37, 'W22', 1, 999, 'odd-even', 0, '2012-01-27 00:00:00', 0, '0000-00-00 00:00:00', 0, '0000-00-00 00:00:00'),
	(432, 15, 'L52', 1, 999, 'odd-even', 0, '2012-01-27 00:00:00', 0, '0000-00-00 00:00:00', 0, '0000-00-00 00:00:00'),
	(433, 35, 'W12', 1, 999, 'odd-even', 0, '2012-01-27 00:00:00', 0, '0000-00-00 00:00:00', 0, '0000-00-00 00:00:00'),
	(434, 7, 'L23', 1, 999, 'odd-even', 0, '2012-01-27 00:00:00', 0, '0000-00-00 00:00:00', 0, '0000-00-00 00:00:00'),
	(435, 38, 'W21', 1, 999, 'odd-even', 0, '2012-01-27 00:00:00', 0, '0000-00-00 00:00:00', 0, '0000-00-00 00:00:00'),
	(436, 19, 'L63', 1, 999, 'odd-even', 0, '2012-01-27 00:00:00', 0, '0000-00-00 00:00:00', 0, '0000-00-00 00:00:00'),
	(437, 34, 'W11', 1, 999, 'odd-even', 0, '2012-01-27 00:00:00', 0, '0000-00-00 00:00:00', 0, '0000-00-00 00:00:00'),
	(438, 20, 'K11', 1, 999, 'odd-even', 0, '2012-01-27 00:00:00', 0, '0000-00-00 00:00:00', 0, '0000-00-00 00:00:00'),
	(439, 22, 'K13', 1, 999, 'odd-even', 0, '2012-01-27 00:00:00', 0, '0000-00-00 00:00:00', 0, '0000-00-00 00:00:00'),
	(440, 21, 'K12', 1, 999, 'odd-even', 0, '2012-01-27 00:00:00', 0, '0000-00-00 00:00:00', 0, '0000-00-00 00:00:00'),
	(441, 26, 'H12', 1, 999, 'odd-even', 0, '2012-01-27 00:00:00', 0, '0000-00-00 00:00:00', 0, '0000-00-00 00:00:00'),
	(442, 26, 'H12', 1, 999, 'odd-even', 0, '2012-01-27 00:00:00', 0, '0000-00-00 00:00:00', 0, '0000-00-00 00:00:00'),
	(443, 30, 'H23', 1, 999, 'odd-even', 0, '2012-01-27 00:00:00', 0, '0000-00-00 00:00:00', 0, '0000-00-00 00:00:00'),
	(444, 34, 'W11', 1, 999, 'odd-even', 0, '2012-01-27 00:00:00', 0, '0000-00-00 00:00:00', 0, '0000-00-00 00:00:00'),
	(445, 12, 'L42', 1, 999, 'odd-even', 0, '2012-01-27 00:00:00', 0, '0000-00-00 00:00:00', 0, '0000-00-00 00:00:00'),
	(446, 38, 'W21', 1, 999, 'odd-even', 0, '2012-01-27 00:00:00', 0, '0000-00-00 00:00:00', 0, '0000-00-00 00:00:00'),
	(447, 38, 'W21', 1, 999, 'odd-even', 0, '2012-01-27 00:00:00', 0, '0000-00-00 00:00:00', 0, '0000-00-00 00:00:00'),
	(448, 40, 'K32', 1, 999, 'odd-even', 0, '2012-01-27 00:00:00', 0, '0000-00-00 00:00:00', 0, '0000-00-00 00:00:00'),
	(449, 35, 'W12', 1, 999, 'odd-even', 0, '2012-01-27 00:00:00', 0, '0000-00-00 00:00:00', 0, '0000-00-00 00:00:00'),
	(450, 9, 'L32', 1, 999, 'odd-even', 0, '2012-01-27 00:00:00', 0, '0000-00-00 00:00:00', 0, '0000-00-00 00:00:00'),
	(451, 16, 'L53', 1, 999, 'odd-even', 0, '2012-01-27 00:00:00', 0, '0000-00-00 00:00:00', 0, '0000-00-00 00:00:00'),
	(452, 14, 'L51', 1, 999, 'odd-even', 0, '2012-01-27 00:00:00', 0, '0000-00-00 00:00:00', 0, '0000-00-00 00:00:00'),
	(453, 22, 'K13', 1, 999, 'odd-even', 0, '2012-01-27 00:00:00', 0, '0000-00-00 00:00:00', 0, '0000-00-00 00:00:00'),
	(454, 13, 'L43', 1, 999, 'odd-even', 0, '2012-01-27 00:00:00', 0, '0000-00-00 00:00:00', 0, '0000-00-00 00:00:00'),
	(455, 22, 'K13', 1, 999, 'odd-even', 0, '2012-01-27 00:00:00', 0, '0000-00-00 00:00:00', 0, '0000-00-00 00:00:00'),
	(456, 33, 'H33', 1, 999, 'odd-even', 0, '2012-01-27 00:00:00', 0, '0000-00-00 00:00:00', 0, '0000-00-00 00:00:00'),
	(457, 31, 'H31', 1, 999, 'odd-even', 0, '2012-01-27 00:00:00', 0, '0000-00-00 00:00:00', 0, '0000-00-00 00:00:00'),
	(458, 41, 'K31', 1, 999, 'odd-even', 0, '2012-01-27 00:00:00', 0, '0000-00-00 00:00:00', 0, '0000-00-00 00:00:00'),
	(460, 15, 'L52', 1, 999, 'odd-even', 0, '2012-01-27 00:00:00', 0, '0000-00-00 00:00:00', 0, '0000-00-00 00:00:00'),
	(461, 29, 'H22', 1, 999, 'odd-even', 0, '2012-01-27 00:00:00', 0, '0000-00-00 00:00:00', 0, '0000-00-00 00:00:00'),
	(462, 29, 'H22', 1, 999, 'odd-even', 0, '2012-01-27 00:00:00', 0, '0000-00-00 00:00:00', 0, '0000-00-00 00:00:00'),
	(463, 29, 'H22', 1, 999, 'odd-even', 0, '2012-01-27 00:00:00', 0, '0000-00-00 00:00:00', 0, '0000-00-00 00:00:00'),
	(464, 28, 'H21', 1, 999, 'odd-even', 0, '2012-01-27 00:00:00', 0, '0000-00-00 00:00:00', 0, '0000-00-00 00:00:00'),
	(465, 39, 'K22', 1, 999, 'odd-even', 0, '2012-01-27 00:00:00', 0, '0000-00-00 00:00:00', 0, '0000-00-00 00:00:00'),
	(466, 33, 'H33', 1, 999, 'odd-even', 0, '2012-01-27 00:00:00', 0, '0000-00-00 00:00:00', 0, '0000-00-00 00:00:00'),
	(468, 35, 'W12', 1, 999, 'odd-even', 0, '2012-01-27 00:00:00', 0, '0000-00-00 00:00:00', 0, '0000-00-00 00:00:00'),
	(469, 33, 'H33', 1, 999, 'odd-even', 0, '2012-01-27 00:00:00', 0, '0000-00-00 00:00:00', 0, '0000-00-00 00:00:00'),
	(470, 26, 'H12', 1, 999, 'odd-even', 0, '2012-01-27 00:00:00', 0, '0000-00-00 00:00:00', 0, '0000-00-00 00:00:00'),
	(471, 5, 'L21', 89, 9999, 'odd', 0, '2012-01-27 00:00:00', 0, '0000-00-00 00:00:00', 0, '0000-00-00 00:00:00'),
	(472, 31, 'H31', 1, 999, 'odd-even', 0, '2012-01-27 00:00:00', 0, '0000-00-00 00:00:00', 0, '0000-00-00 00:00:00'),
	(473, 9, 'L32', 1, 999, 'odd-even', 0, '2012-01-27 00:00:00', 0, '0000-00-00 00:00:00', 0, '0000-00-00 00:00:00'),
	(474, 9, 'L32', 1, 999, 'odd-even', 0, '2012-01-27 00:00:00', 0, '0000-00-00 00:00:00', 0, '0000-00-00 00:00:00'),
	(475, 30, 'H23', 1, 999, 'odd-even', 0, '2012-01-27 00:00:00', 0, '0000-00-00 00:00:00', 0, '0000-00-00 00:00:00'),
	(477, 13, 'L43', 1, 999, 'odd-even', 0, '2012-01-27 00:00:00', 0, '0000-00-00 00:00:00', 0, '0000-00-00 00:00:00'),
	(478, 24, 'K23', 1, 999, 'odd-even', 0, '2012-01-27 00:00:00', 0, '0000-00-00 00:00:00', 0, '0000-00-00 00:00:00'),
	(479, 22, 'K13', 1, 999, 'odd-even', 0, '2012-01-27 00:00:00', 0, '0000-00-00 00:00:00', 0, '0000-00-00 00:00:00'),
	(480, 22, 'K13', 1, 999, 'odd-even', 0, '2012-01-27 00:00:00', 0, '0000-00-00 00:00:00', 0, '0000-00-00 00:00:00'),
	(481, 14, 'L51', 1, 999, 'odd-even', 0, '2012-01-27 00:00:00', 0, '0000-00-00 00:00:00', 0, '0000-00-00 00:00:00'),
	(482, 34, 'W11', 1, 999, 'odd-even', 0, '2012-01-27 00:00:00', 0, '0000-00-00 00:00:00', 0, '0000-00-00 00:00:00'),
	(483, 15, 'L52', 18, 18, 'even', 0, '2012-01-27 00:00:00', 0, '0000-00-00 00:00:00', 0, '0000-00-00 00:00:00'),
	(484, 20, 'K11', 1, 999, 'odd-even', 0, '2012-01-27 00:00:00', 0, '0000-00-00 00:00:00', 0, '0000-00-00 00:00:00');

INSERT INTO `districts_relations` (`districts_relation_id`, `districts_district_id`, `districts_district_code`, `range_start`, `range_end`, `range_parity`, `created_by`, `created_on`, `modified_by`, `modified_on`, `locked_by`, `locked_on`)
VALUES
	(485, 34, 'W11', 1, 999, 'odd-even', 0, '2012-01-27 00:00:00', 0, '0000-00-00 00:00:00', 0, '0000-00-00 00:00:00'),
	(486, 19, 'L63', 1, 999, 'odd-even', 0, '2012-01-27 00:00:00', 0, '0000-00-00 00:00:00', 0, '0000-00-00 00:00:00'),
	(487, 24, 'K23', 1, 999, 'odd-even', 0, '2012-01-27 00:00:00', 0, '0000-00-00 00:00:00', 0, '0000-00-00 00:00:00'),
	(488, 14, 'L51', 1, 999, 'odd-even', 0, '2012-01-27 00:00:00', 0, '0000-00-00 00:00:00', 0, '0000-00-00 00:00:00'),
	(489, 11, 'L41', 1, 999, 'odd-even', 0, '2012-01-27 00:00:00', 0, '0000-00-00 00:00:00', 0, '0000-00-00 00:00:00'),
	(490, 41, 'K31', 1, 999, 'odd-even', 0, '2012-01-27 00:00:00', 0, '0000-00-00 00:00:00', 0, '0000-00-00 00:00:00'),
	(492, 8, 'L31', 1, 999, 'odd-even', 0, '2012-01-27 00:00:00', 0, '0000-00-00 00:00:00', 0, '0000-00-00 00:00:00'),
	(494, 42, 'K33', 1, 999, 'odd-even', 0, '2012-01-27 00:00:00', 0, '0000-00-00 00:00:00', 0, '0000-00-00 00:00:00'),
	(495, 20, 'K11', 1, 999, 'odd-even', 0, '2012-01-27 00:00:00', 0, '0000-00-00 00:00:00', 0, '0000-00-00 00:00:00'),
	(496, 20, 'K11', 1, 999, 'odd-even', 0, '2012-01-27 00:00:00', 0, '0000-00-00 00:00:00', 0, '0000-00-00 00:00:00'),
	(497, 35, 'W12', 1, 999, 'odd-even', 0, '2012-01-27 00:00:00', 0, '0000-00-00 00:00:00', 0, '0000-00-00 00:00:00'),
	(498, 28, 'H21', 1, 999, 'odd-even', 0, '2012-01-27 00:00:00', 0, '0000-00-00 00:00:00', 0, '0000-00-00 00:00:00'),
	(499, 37, 'W22', 1, 999, 'odd-even', 0, '2012-01-27 00:00:00', 0, '0000-00-00 00:00:00', 0, '0000-00-00 00:00:00'),
	(500, 44, 'K41', 1, 999, 'odd-even', 0, '2012-01-27 00:00:00', 0, '0000-00-00 00:00:00', 0, '0000-00-00 00:00:00'),
	(501, 42, 'K33', 1, 999, 'odd-even', 0, '2012-01-27 00:00:00', 0, '0000-00-00 00:00:00', 0, '0000-00-00 00:00:00'),
	(502, 13, 'L43', 1, 999, 'odd-even', 0, '2012-01-27 00:00:00', 0, '0000-00-00 00:00:00', 0, '0000-00-00 00:00:00'),
	(503, 38, 'W21', 1, 999, 'odd-even', 0, '2012-01-27 00:00:00', 0, '0000-00-00 00:00:00', 0, '0000-00-00 00:00:00'),
	(504, 19, 'L63', 1, 999, 'odd-even', 0, '2012-01-27 00:00:00', 0, '0000-00-00 00:00:00', 0, '0000-00-00 00:00:00'),
	(505, 38, 'W21', 1, 999, 'odd-even', 0, '2012-01-27 00:00:00', 0, '0000-00-00 00:00:00', 0, '0000-00-00 00:00:00'),
	(506, 7, 'L23', 1, 999, 'odd-even', 0, '2012-01-27 00:00:00', 0, '0000-00-00 00:00:00', 0, '0000-00-00 00:00:00'),
	(507, 43, 'K42', 1, 999, 'odd-even', 0, '2012-01-27 00:00:00', 0, '0000-00-00 00:00:00', 0, '0000-00-00 00:00:00'),
	(508, 16, 'L53', 1, 999, 'odd-even', 0, '2012-01-27 00:00:00', 0, '0000-00-00 00:00:00', 0, '0000-00-00 00:00:00'),
	(509, 20, 'K11', 1, 999, 'odd-even', 0, '2012-01-27 00:00:00', 0, '0000-00-00 00:00:00', 0, '0000-00-00 00:00:00'),
	(510, 8, 'L31', 1, 999, 'odd-even', 0, '2012-01-27 00:00:00', 0, '0000-00-00 00:00:00', 0, '0000-00-00 00:00:00'),
	(511, 37, 'W22', 1, 999, 'odd-even', 0, '2012-01-27 00:00:00', 0, '0000-00-00 00:00:00', 0, '0000-00-00 00:00:00'),
	(512, 34, 'W11', 1, 999, 'odd-even', 0, '2012-01-27 00:00:00', 0, '0000-00-00 00:00:00', 0, '0000-00-00 00:00:00'),
	(513, 21, 'K12', 1, 999, 'odd-even', 0, '2012-01-27 00:00:00', 0, '0000-00-00 00:00:00', 0, '0000-00-00 00:00:00'),
	(514, 23, 'K21', 1, 999, 'odd-even', 0, '2012-01-27 00:00:00', 0, '0000-00-00 00:00:00', 0, '0000-00-00 00:00:00'),
	(515, 28, 'H21', 1, 999, 'odd-even', 0, '2012-01-27 00:00:00', 0, '0000-00-00 00:00:00', 0, '0000-00-00 00:00:00'),
	(516, 8, 'L31', 1, 9, 'odd-even', 0, '2012-01-27 00:00:00', 0, '0000-00-00 00:00:00', 0, '0000-00-00 00:00:00'),
	(517, 37, 'W22', 1, 999, 'odd-even', 0, '2012-01-27 00:00:00', 0, '0000-00-00 00:00:00', 0, '0000-00-00 00:00:00'),
	(518, 21, 'K12', 1, 999, 'odd-even', 0, '2012-01-27 00:00:00', 0, '0000-00-00 00:00:00', 0, '0000-00-00 00:00:00'),
	(519, 20, 'K11', 1, 999, 'odd-even', 0, '2012-01-27 00:00:00', 0, '0000-00-00 00:00:00', 0, '0000-00-00 00:00:00'),
	(520, 21, 'K12', 1, 999, 'odd-even', 0, '2012-01-27 00:00:00', 0, '0000-00-00 00:00:00', 0, '0000-00-00 00:00:00'),
	(521, 43, 'K42', 1, 999, 'odd-even', 0, '2012-01-27 00:00:00', 0, '0000-00-00 00:00:00', 0, '0000-00-00 00:00:00'),
	(522, 26, 'H12', 1, 999, 'odd-even', 0, '2012-01-27 00:00:00', 0, '0000-00-00 00:00:00', 0, '0000-00-00 00:00:00'),
	(523, 32, 'H32', 71, 999, 'odd', 0, '2012-01-27 00:00:00', 0, '0000-00-00 00:00:00', 0, '0000-00-00 00:00:00'),
	(524, 21, 'K12', 1, 999, 'odd-even', 0, '2012-01-27 00:00:00', 0, '0000-00-00 00:00:00', 0, '0000-00-00 00:00:00'),
	(525, 24, 'K23', 1, 999, 'odd-even', 0, '2012-01-27 00:00:00', 0, '0000-00-00 00:00:00', 0, '0000-00-00 00:00:00'),
	(526, 24, 'K23', 37, 39, 'odd', 0, '2012-01-27 00:00:00', 0, '0000-00-00 00:00:00', 0, '0000-00-00 00:00:00'),
	(527, 5, 'L21', 1, 999, 'odd-even', 0, '2012-01-27 00:00:00', 0, '0000-00-00 00:00:00', 0, '0000-00-00 00:00:00'),
	(528, 41, 'K31', 1, 9999, 'odd-even', 0, '2012-01-27 00:00:00', 0, '0000-00-00 00:00:00', 0, '0000-00-00 00:00:00'),
	(529, 41, 'K31', 1, 9999, 'odd-even', 0, '2012-01-27 00:00:00', 0, '0000-00-00 00:00:00', 0, '0000-00-00 00:00:00'),
	(530, 30, 'H23', 1, 999, 'odd-even', 0, '2012-01-27 00:00:00', 0, '0000-00-00 00:00:00', 0, '0000-00-00 00:00:00'),
	(531, 16, 'L53', 1, 999, 'odd-even', 0, '2012-01-27 00:00:00', 0, '0000-00-00 00:00:00', 0, '0000-00-00 00:00:00'),
	(532, 38, 'W21', 1, 999, 'odd-even', 0, '2012-01-27 00:00:00', 0, '0000-00-00 00:00:00', 0, '0000-00-00 00:00:00'),
	(533, 34, 'W11', 1, 999, 'odd-even', 0, '2012-01-27 00:00:00', 0, '0000-00-00 00:00:00', 0, '0000-00-00 00:00:00'),
	(534, 25, 'H11', 1, 999, 'odd-even', 0, '2012-01-27 00:00:00', 0, '0000-00-00 00:00:00', 0, '0000-00-00 00:00:00'),
	(535, 33, 'H33', 1, 999, 'odd-even', 0, '2012-01-27 00:00:00', 0, '0000-00-00 00:00:00', 0, '0000-00-00 00:00:00'),
	(536, 35, 'W12', 1, 999, 'odd-even', 0, '2012-01-27 00:00:00', 0, '0000-00-00 00:00:00', 0, '0000-00-00 00:00:00'),
	(538, 24, 'K23', 1, 999, 'odd-even', 0, '2012-01-27 00:00:00', 0, '0000-00-00 00:00:00', 0, '0000-00-00 00:00:00'),
	(540, 17, 'L61', 1, 999, 'odd-even', 0, '2012-01-27 00:00:00', 0, '0000-00-00 00:00:00', 0, '0000-00-00 00:00:00'),
	(541, 31, 'H31', 1, 999, 'odd-even', 0, '2012-01-27 00:00:00', 0, '0000-00-00 00:00:00', 0, '0000-00-00 00:00:00'),
	(542, 16, 'L53', 1, 999, 'odd-even', 0, '2012-01-27 00:00:00', 0, '0000-00-00 00:00:00', 0, '0000-00-00 00:00:00'),
	(543, 14, 'L51', 1, 999, 'odd-even', 0, '2012-01-27 00:00:00', 0, '0000-00-00 00:00:00', 0, '0000-00-00 00:00:00'),
	(544, 33, 'H33', 1, 999, 'odd-even', 0, '2012-01-27 00:00:00', 0, '0000-00-00 00:00:00', 0, '0000-00-00 00:00:00'),
	(545, 28, 'H21', 1, 999, 'odd-even', 0, '2012-01-27 00:00:00', 0, '0000-00-00 00:00:00', 0, '0000-00-00 00:00:00'),
	(546, 41, 'K31', 1, 999, 'odd-even', 0, '2012-01-27 00:00:00', 0, '0000-00-00 00:00:00', 0, '0000-00-00 00:00:00'),
	(547, 23, 'K21', 1, 999, 'odd-even', 0, '2012-01-27 00:00:00', 0, '0000-00-00 00:00:00', 0, '0000-00-00 00:00:00'),
	(548, 8, 'L31', 1, 999, 'odd-even', 0, '2012-01-27 00:00:00', 0, '0000-00-00 00:00:00', 0, '0000-00-00 00:00:00'),
	(550, 8, 'L31', 1, 999, 'odd-even', 0, '2012-01-27 00:00:00', 0, '0000-00-00 00:00:00', 0, '0000-00-00 00:00:00'),
	(551, 5, 'L21', 1, 999, 'odd-even', 0, '2012-01-27 00:00:00', 0, '0000-00-00 00:00:00', 0, '0000-00-00 00:00:00'),
	(553, 41, 'K31', 1, 9999, 'odd-even', 0, '2012-01-27 00:00:00', 0, '0000-00-00 00:00:00', 0, '0000-00-00 00:00:00'),
	(554, 17, 'L61', 1, 61, 'odd', 0, '2012-01-27 00:00:00', 0, '0000-00-00 00:00:00', 0, '0000-00-00 00:00:00'),
	(555, 15, 'L52', 1, 999, 'odd-even', 0, '2012-01-27 00:00:00', 0, '0000-00-00 00:00:00', 0, '0000-00-00 00:00:00');

INSERT INTO `districts_relations` (`districts_relation_id`, `districts_district_id`, `districts_district_code`, `range_start`, `range_end`, `range_parity`, `created_by`, `created_on`, `modified_by`, `modified_on`, `locked_by`, `locked_on`)
VALUES
	(556, 8, 'L31', 1, 999, 'odd-even', 0, '2012-01-27 00:00:00', 0, '0000-00-00 00:00:00', 0, '0000-00-00 00:00:00'),
	(557, 2, 'L11', 2, 18, 'even', 0, '2012-01-27 00:00:00', 0, '0000-00-00 00:00:00', 0, '0000-00-00 00:00:00'),
	(558, 14, 'L51', 2, 32, 'odd', 0, '2012-01-27 00:00:00', 0, '0000-00-00 00:00:00', 0, '0000-00-00 00:00:00'),
	(559, 5, 'L21', 2, 998, 'even', 0, '2012-01-27 00:00:00', 0, '0000-00-00 00:00:00', 0, '0000-00-00 00:00:00'),
	(560, 21, 'K12', 1, 999, 'odd-even', 0, '2012-01-27 00:00:00', 0, '0000-00-00 00:00:00', 0, '0000-00-00 00:00:00'),
	(561, 18, 'L62', 1, 999, 'odd-even', 0, '2012-01-27 00:00:00', 0, '0000-00-00 00:00:00', 0, '0000-00-00 00:00:00'),
	(562, 11, 'L41', 1, 999, 'odd-even', 0, '2012-01-27 00:00:00', 0, '0000-00-00 00:00:00', 0, '0000-00-00 00:00:00'),
	(563, 16, 'L53', 1, 9999, 'odd-even', 0, '2012-01-27 00:00:00', 0, '0000-00-00 00:00:00', 0, '0000-00-00 00:00:00'),
	(564, 16, 'L53', 1, 999, 'odd-even', 0, '2012-01-27 00:00:00', 0, '0000-00-00 00:00:00', 0, '0000-00-00 00:00:00'),
	(565, 2, 'L11', 1, 999, 'odd-even', 0, '2012-01-27 00:00:00', 0, '0000-00-00 00:00:00', 0, '0000-00-00 00:00:00'),
	(566, 12, 'L42', 1, 999, 'odd-even', 0, '2012-01-27 00:00:00', 0, '0000-00-00 00:00:00', 0, '0000-00-00 00:00:00'),
	(568, 21, 'K12', 1, 999, 'odd-even', 0, '2012-01-27 00:00:00', 0, '0000-00-00 00:00:00', 0, '0000-00-00 00:00:00'),
	(569, 5, 'L21', 1, 999, 'odd-even', 0, '2012-01-27 00:00:00', 0, '0000-00-00 00:00:00', 0, '0000-00-00 00:00:00'),
	(570, 32, 'H32', 1, 999, 'odd-even', 0, '2012-01-27 00:00:00', 0, '0000-00-00 00:00:00', 0, '0000-00-00 00:00:00'),
	(571, 21, 'K12', 1, 999, 'odd-even', 0, '2012-01-27 00:00:00', 0, '0000-00-00 00:00:00', 0, '0000-00-00 00:00:00'),
	(572, 37, 'W22', 1, 999, 'odd-even', 0, '2012-01-27 00:00:00', 0, '0000-00-00 00:00:00', 0, '0000-00-00 00:00:00'),
	(573, 16, 'L53', 1, 9999, 'odd-even', 0, '2012-01-27 00:00:00', 0, '0000-00-00 00:00:00', 0, '0000-00-00 00:00:00'),
	(575, 22, 'K13', 1, 999, 'odd-even', 0, '2012-01-27 00:00:00', 0, '0000-00-00 00:00:00', 0, '0000-00-00 00:00:00'),
	(576, 33, 'H33', 1, 999, 'odd-even', 0, '2012-01-27 00:00:00', 0, '0000-00-00 00:00:00', 0, '0000-00-00 00:00:00'),
	(577, 4, 'L13', 31, 143, 'odd', 0, '2012-01-27 00:00:00', 0, '0000-00-00 00:00:00', 0, '0000-00-00 00:00:00'),
	(578, 23, 'K21', 1, 999, 'odd-even', 0, '2012-01-27 00:00:00', 0, '0000-00-00 00:00:00', 0, '0000-00-00 00:00:00'),
	(579, 7, 'L23', 1, 999, 'odd-even', 0, '2012-01-27 00:00:00', 0, '0000-00-00 00:00:00', 0, '0000-00-00 00:00:00'),
	(580, 35, 'W12', 1, 999, 'odd-even', 0, '2012-01-27 00:00:00', 0, '0000-00-00 00:00:00', 0, '0000-00-00 00:00:00'),
	(581, 22, 'K13', 1, 999, 'odd-even', 0, '2012-01-27 00:00:00', 0, '0000-00-00 00:00:00', 0, '0000-00-00 00:00:00'),
	(582, 31, 'H31', 1, 999, 'odd-even', 0, '2012-01-27 00:00:00', 0, '0000-00-00 00:00:00', 0, '0000-00-00 00:00:00'),
	(583, 25, 'H11', 1, 999, 'odd-even', 0, '2012-01-27 00:00:00', 0, '0000-00-00 00:00:00', 0, '0000-00-00 00:00:00'),
	(584, 32, 'H32', 1, 999, 'odd-even', 0, '2012-01-27 00:00:00', 0, '0000-00-00 00:00:00', 0, '0000-00-00 00:00:00'),
	(585, 14, 'L51', 1, 999, 'odd-even', 0, '2012-01-27 00:00:00', 0, '0000-00-00 00:00:00', 0, '0000-00-00 00:00:00'),
	(586, 11, 'L41', 196, 236, 'even', 0, '2012-01-27 00:00:00', 0, '0000-00-00 00:00:00', 0, '0000-00-00 00:00:00'),
	(587, 16, 'L53', 1, 999, 'odd-even', 0, '2012-01-27 00:00:00', 0, '0000-00-00 00:00:00', 0, '0000-00-00 00:00:00'),
	(588, 11, 'L41', 1, 999, 'odd-even', 0, '2012-01-27 00:00:00', 0, '0000-00-00 00:00:00', 0, '0000-00-00 00:00:00'),
	(589, 34, 'W11', 1, 999, 'odd-even', 0, '2012-01-27 00:00:00', 0, '0000-00-00 00:00:00', 0, '0000-00-00 00:00:00'),
	(590, 13, 'L43', 43, 999, 'odd', 0, '2012-01-27 00:00:00', 0, '0000-00-00 00:00:00', 0, '0000-00-00 00:00:00'),
	(591, 44, 'K41', 1, 999, 'odd-even', 0, '2012-01-27 00:00:00', 0, '0000-00-00 00:00:00', 0, '0000-00-00 00:00:00'),
	(592, 16, 'L53', 1, 999, 'odd-even', 0, '2012-01-27 00:00:00', 0, '0000-00-00 00:00:00', 0, '0000-00-00 00:00:00'),
	(593, 37, 'W22', 1, 999, 'odd-even', 0, '2012-01-27 00:00:00', 0, '0000-00-00 00:00:00', 0, '0000-00-00 00:00:00'),
	(594, 38, 'W21', 1, 999, 'odd-even', 0, '2012-01-27 00:00:00', 0, '0000-00-00 00:00:00', 0, '0000-00-00 00:00:00'),
	(595, 31, 'H31', 1, 999, 'odd-even', 0, '2012-01-27 00:00:00', 0, '0000-00-00 00:00:00', 0, '0000-00-00 00:00:00'),
	(596, 45, 'K43', 1, 999, 'odd-even', 0, '2012-01-27 00:00:00', 0, '0000-00-00 00:00:00', 0, '0000-00-00 00:00:00'),
	(597, 22, 'K13', 1, 999, 'odd-even', 0, '2012-01-27 00:00:00', 0, '0000-00-00 00:00:00', 0, '0000-00-00 00:00:00'),
	(598, 45, 'K43', 1, 999, 'odd-even', 0, '2012-01-27 00:00:00', 0, '0000-00-00 00:00:00', 0, '0000-00-00 00:00:00'),
	(599, 38, 'W21', 1, 999, 'odd-even', 0, '2012-01-27 00:00:00', 0, '0000-00-00 00:00:00', 0, '0000-00-00 00:00:00'),
	(600, 30, 'H23', 1, 999, 'odd-even', 0, '2012-01-27 00:00:00', 0, '0000-00-00 00:00:00', 0, '0000-00-00 00:00:00'),
	(601, 28, 'H21', 1, 999, 'odd-even', 0, '2012-01-27 00:00:00', 0, '0000-00-00 00:00:00', 0, '0000-00-00 00:00:00'),
	(602, 25, 'H11', 1, 999, 'odd-even', 0, '2012-01-27 00:00:00', 0, '0000-00-00 00:00:00', 0, '0000-00-00 00:00:00'),
	(603, 28, 'H21', 1, 999, 'odd-even', 0, '2012-01-27 00:00:00', 0, '0000-00-00 00:00:00', 0, '0000-00-00 00:00:00'),
	(604, 11, 'L41', 1, 999, 'odd-even', 0, '2012-01-27 00:00:00', 0, '0000-00-00 00:00:00', 0, '0000-00-00 00:00:00'),
	(605, 29, 'H22', 1, 999, 'odd-even', 0, '2012-01-27 00:00:00', 0, '0000-00-00 00:00:00', 0, '0000-00-00 00:00:00'),
	(606, 31, 'H31', 1, 999, 'odd-even', 0, '2012-01-27 00:00:00', 0, '0000-00-00 00:00:00', 0, '0000-00-00 00:00:00'),
	(607, 12, 'L42', 1, 999, 'odd-even', 0, '2012-01-27 00:00:00', 0, '0000-00-00 00:00:00', 0, '0000-00-00 00:00:00'),
	(608, 11, 'L41', 1, 999, 'odd-even', 0, '2012-01-27 00:00:00', 0, '0000-00-00 00:00:00', 0, '0000-00-00 00:00:00'),
	(609, 42, 'K33', 1, 999, 'odd-even', 0, '2012-01-27 00:00:00', 0, '0000-00-00 00:00:00', 0, '0000-00-00 00:00:00'),
	(610, 12, 'L42', 95, 163, 'odd', 0, '2012-01-27 00:00:00', 0, '0000-00-00 00:00:00', 0, '0000-00-00 00:00:00'),
	(611, 35, 'W12', 1, 999, 'odd-even', 0, '2012-01-27 00:00:00', 0, '0000-00-00 00:00:00', 0, '0000-00-00 00:00:00'),
	(612, 9, 'L32', 2, 194, 'even', 0, '2012-01-27 00:00:00', 0, '0000-00-00 00:00:00', 0, '0000-00-00 00:00:00'),
	(613, 12, 'L42', 1, 999, 'odd-even', 0, '2012-01-27 00:00:00', 0, '0000-00-00 00:00:00', 0, '0000-00-00 00:00:00'),
	(614, 31, 'H31', 1, 999, 'odd-even', 0, '2012-01-27 00:00:00', 0, '0000-00-00 00:00:00', 0, '0000-00-00 00:00:00'),
	(615, 8, 'L31', 1, 93, 'odd', 0, '2012-01-27 00:00:00', 0, '0000-00-00 00:00:00', 0, '0000-00-00 00:00:00'),
	(616, 24, 'K23', 1, 999, 'odd-even', 0, '2012-01-27 00:00:00', 0, '0000-00-00 00:00:00', 0, '0000-00-00 00:00:00'),
	(617, 24, 'K23', 1, 999, 'odd-even', 0, '2012-01-27 00:00:00', 0, '0000-00-00 00:00:00', 0, '0000-00-00 00:00:00'),
	(618, 33, 'H33', 1, 999, 'odd-even', 0, '2012-01-27 00:00:00', 0, '0000-00-00 00:00:00', 0, '0000-00-00 00:00:00'),
	(619, 34, 'W11', 1, 999, 'odd-even', 0, '2012-01-27 00:00:00', 0, '0000-00-00 00:00:00', 0, '0000-00-00 00:00:00'),
	(620, 34, 'W11', 1, 999, 'odd-even', 0, '2012-01-27 00:00:00', 0, '0000-00-00 00:00:00', 0, '0000-00-00 00:00:00'),
	(621, 23, 'K21', 1, 31, 'odd', 0, '2012-01-27 00:00:00', 0, '0000-00-00 00:00:00', 0, '0000-00-00 00:00:00'),
	(622, 28, 'H21', 1, 999, 'odd-even', 0, '2012-01-27 00:00:00', 0, '0000-00-00 00:00:00', 0, '0000-00-00 00:00:00'),
	(624, 38, 'W21', 1, 999, 'odd-even', 0, '2012-01-27 00:00:00', 0, '0000-00-00 00:00:00', 0, '0000-00-00 00:00:00');

INSERT INTO `districts_relations` (`districts_relation_id`, `districts_district_id`, `districts_district_code`, `range_start`, `range_end`, `range_parity`, `created_by`, `created_on`, `modified_by`, `modified_on`, `locked_by`, `locked_on`)
VALUES
	(625, 45, 'K43', 1, 999, 'odd-even', 0, '2012-01-27 00:00:00', 0, '0000-00-00 00:00:00', 0, '0000-00-00 00:00:00'),
	(626, 35, 'W12', 1, 999, 'odd-even', 0, '2012-01-27 00:00:00', 0, '0000-00-00 00:00:00', 0, '0000-00-00 00:00:00'),
	(627, 34, 'W11', 1, 999, 'odd-even', 0, '2012-01-27 00:00:00', 0, '0000-00-00 00:00:00', 0, '0000-00-00 00:00:00'),
	(628, 26, 'H12', 1, 999, 'odd-even', 0, '2012-01-27 00:00:00', 0, '0000-00-00 00:00:00', 0, '0000-00-00 00:00:00'),
	(629, 25, 'H11', 1, 999, 'odd-even', 0, '2012-01-27 00:00:00', 0, '0000-00-00 00:00:00', 0, '0000-00-00 00:00:00'),
	(630, 22, 'K13', 1, 999, 'odd-even', 0, '2012-01-27 00:00:00', 0, '0000-00-00 00:00:00', 0, '0000-00-00 00:00:00'),
	(631, 38, 'W21', 1, 999, 'odd-even', 0, '2012-01-27 00:00:00', 0, '0000-00-00 00:00:00', 0, '0000-00-00 00:00:00'),
	(632, 10, 'L33', 1, 999, 'odd-even', 0, '2012-01-27 00:00:00', 0, '0000-00-00 00:00:00', 0, '0000-00-00 00:00:00'),
	(633, 20, 'K11', 1, 999, 'odd-even', 0, '2012-01-27 00:00:00', 0, '0000-00-00 00:00:00', 0, '0000-00-00 00:00:00'),
	(634, 31, 'H31', 1, 999, 'odd-even', 0, '2012-01-27 00:00:00', 0, '0000-00-00 00:00:00', 0, '0000-00-00 00:00:00'),
	(635, 38, 'W21', 1, 999, 'odd-even', 0, '2012-01-27 00:00:00', 0, '0000-00-00 00:00:00', 0, '0000-00-00 00:00:00'),
	(636, 30, 'H23', 1, 999, 'odd-even', 0, '2012-01-27 00:00:00', 0, '0000-00-00 00:00:00', 0, '0000-00-00 00:00:00'),
	(638, 33, 'H33', 1, 999, 'odd-even', 0, '2012-01-27 00:00:00', 0, '0000-00-00 00:00:00', 0, '0000-00-00 00:00:00'),
	(639, 34, 'W11', 1, 999, 'odd-even', 0, '2012-01-27 00:00:00', 0, '0000-00-00 00:00:00', 0, '0000-00-00 00:00:00'),
	(640, 22, 'K13', 1, 999, 'odd-even', 0, '2012-01-27 00:00:00', 0, '0000-00-00 00:00:00', 0, '0000-00-00 00:00:00'),
	(641, 25, 'H11', 1, 999, 'odd-even', 0, '2012-01-27 00:00:00', 0, '0000-00-00 00:00:00', 0, '0000-00-00 00:00:00'),
	(642, 15, 'L52', 1, 999, 'odd-even', 0, '2012-01-27 00:00:00', 0, '0000-00-00 00:00:00', 0, '0000-00-00 00:00:00'),
	(643, 38, 'W21', 1, 999, 'odd-even', 0, '2012-01-27 00:00:00', 0, '0000-00-00 00:00:00', 0, '0000-00-00 00:00:00'),
	(644, 38, 'W21', 1, 999, 'odd-even', 0, '2012-01-27 00:00:00', 0, '0000-00-00 00:00:00', 0, '0000-00-00 00:00:00'),
	(645, 16, 'L53', 1, 999, 'odd-even', 0, '2012-01-27 00:00:00', 0, '0000-00-00 00:00:00', 0, '0000-00-00 00:00:00'),
	(646, 31, 'H31', 1, 999, 'odd-even', 0, '2012-01-27 00:00:00', 0, '0000-00-00 00:00:00', 0, '0000-00-00 00:00:00'),
	(647, 31, 'H31', 1, 999, 'odd-even', 0, '2012-01-27 00:00:00', 0, '0000-00-00 00:00:00', 0, '0000-00-00 00:00:00'),
	(648, 34, 'W11', 2, 998, 'even', 0, '2012-01-27 00:00:00', 0, '0000-00-00 00:00:00', 0, '0000-00-00 00:00:00'),
	(649, 8, 'L31', 1, 999, 'odd-even', 0, '2012-01-27 00:00:00', 0, '0000-00-00 00:00:00', 0, '0000-00-00 00:00:00'),
	(650, 18, 'L62', 1, 9999, 'odd-even', 0, '2012-01-27 00:00:00', 0, '0000-00-00 00:00:00', 0, '0000-00-00 00:00:00'),
	(651, 33, 'H33', 1, 999, 'odd-even', 0, '2012-01-27 00:00:00', 0, '0000-00-00 00:00:00', 0, '0000-00-00 00:00:00'),
	(652, 37, 'W22', 1, 999, 'odd-even', 0, '2012-01-27 00:00:00', 0, '0000-00-00 00:00:00', 0, '0000-00-00 00:00:00'),
	(653, 1, 'KUL', 70, 70, 'even', 0, '2012-01-27 00:00:00', 0, '0000-00-00 00:00:00', 0, '0000-00-00 00:00:00'),
	(654, 34, 'W11', 1, 999, 'odd-even', 0, '2012-01-27 00:00:00', 0, '0000-00-00 00:00:00', 0, '0000-00-00 00:00:00'),
	(655, 20, 'K11', 1, 999, 'odd-even', 0, '2012-01-27 00:00:00', 0, '0000-00-00 00:00:00', 0, '0000-00-00 00:00:00'),
	(656, 42, 'K33', 1, 9999, 'odd-even', 0, '2012-01-27 00:00:00', 0, '0000-00-00 00:00:00', 0, '0000-00-00 00:00:00'),
	(657, 14, 'L51', 1, 999, 'odd-even', 0, '2012-01-27 00:00:00', 0, '0000-00-00 00:00:00', 0, '0000-00-00 00:00:00'),
	(658, 7, 'L23', 1, 999, 'odd-even', 0, '2012-01-27 00:00:00', 0, '0000-00-00 00:00:00', 0, '0000-00-00 00:00:00'),
	(659, 34, 'W11', 1, 999, 'odd-even', 0, '2012-01-27 00:00:00', 0, '0000-00-00 00:00:00', 0, '0000-00-00 00:00:00'),
	(660, 33, 'H33', 1, 999, 'odd-even', 0, '2012-01-27 00:00:00', 0, '0000-00-00 00:00:00', 0, '0000-00-00 00:00:00'),
	(661, 18, 'L62', 58, 132, 'even', 0, '2012-01-27 00:00:00', 0, '0000-00-00 00:00:00', 0, '0000-00-00 00:00:00'),
	(662, 33, 'H33', 1, 999, 'odd-even', 0, '2012-01-27 00:00:00', 0, '0000-00-00 00:00:00', 0, '0000-00-00 00:00:00'),
	(663, 13, 'L43', 1, 999, 'odd-even', 0, '2012-01-27 00:00:00', 0, '0000-00-00 00:00:00', 0, '0000-00-00 00:00:00'),
	(664, 38, 'W21', 1, 999, 'odd-even', 0, '2012-01-27 00:00:00', 0, '0000-00-00 00:00:00', 0, '0000-00-00 00:00:00'),
	(665, 12, 'L42', 167, 999, 'odd', 0, '2012-01-27 00:00:00', 0, '0000-00-00 00:00:00', 0, '0000-00-00 00:00:00'),
	(666, 26, 'H12', 1, 999, 'odd-even', 0, '2012-01-27 00:00:00', 0, '0000-00-00 00:00:00', 0, '0000-00-00 00:00:00'),
	(667, 39, 'K22', 1, 999, 'odd-even', 0, '2012-01-27 00:00:00', 0, '0000-00-00 00:00:00', 0, '0000-00-00 00:00:00'),
	(668, 41, 'K31', 1, 999, 'odd-even', 0, '2012-01-27 00:00:00', 0, '0000-00-00 00:00:00', 0, '0000-00-00 00:00:00'),
	(669, 29, 'H22', 25, 999, 'odd', 0, '2012-01-27 00:00:00', 0, '0000-00-00 00:00:00', 0, '0000-00-00 00:00:00'),
	(670, 19, 'L63', 1, 999, 'odd-even', 0, '2012-01-27 00:00:00', 0, '0000-00-00 00:00:00', 0, '0000-00-00 00:00:00'),
	(671, 37, 'W22', 1, 999, 'odd-even', 0, '2012-01-27 00:00:00', 0, '0000-00-00 00:00:00', 0, '0000-00-00 00:00:00'),
	(672, 45, 'K43', 1, 999, 'odd-even', 0, '2012-01-27 00:00:00', 0, '0000-00-00 00:00:00', 0, '0000-00-00 00:00:00'),
	(673, 35, 'W12', 1, 999, 'odd-even', 0, '2012-01-27 00:00:00', 0, '0000-00-00 00:00:00', 0, '0000-00-00 00:00:00'),
	(674, 19, 'L63', 1, 999, 'odd-even', 0, '2012-01-27 00:00:00', 0, '0000-00-00 00:00:00', 0, '0000-00-00 00:00:00'),
	(675, 14, 'L51', 1, 999, 'odd-even', 0, '2012-01-27 00:00:00', 0, '0000-00-00 00:00:00', 0, '0000-00-00 00:00:00'),
	(676, 26, 'H12', 1, 999, 'odd-even', 0, '2012-01-27 00:00:00', 0, '0000-00-00 00:00:00', 0, '0000-00-00 00:00:00'),
	(677, 40, 'K32', 1, 999, 'odd-even', 0, '2012-01-27 00:00:00', 0, '0000-00-00 00:00:00', 0, '0000-00-00 00:00:00'),
	(678, 37, 'W22', 1, 999, 'odd-even', 0, '2012-01-27 00:00:00', 0, '0000-00-00 00:00:00', 0, '0000-00-00 00:00:00'),
	(679, 22, 'K13', 1, 999, 'odd-even', 0, '2012-01-27 00:00:00', 0, '0000-00-00 00:00:00', 0, '0000-00-00 00:00:00'),
	(680, 20, 'K11', 1, 999, 'odd-even', 0, '2012-01-27 00:00:00', 0, '0000-00-00 00:00:00', 0, '0000-00-00 00:00:00'),
	(681, 34, 'W11', 1, 999, 'odd-even', 0, '2012-01-27 00:00:00', 0, '0000-00-00 00:00:00', 0, '0000-00-00 00:00:00'),
	(682, 27, 'H13', 1, 999, 'odd-even', 0, '2012-01-27 00:00:00', 0, '0000-00-00 00:00:00', 0, '0000-00-00 00:00:00'),
	(683, 8, 'L31', 1, 999, 'odd-even', 0, '2012-01-27 00:00:00', 0, '0000-00-00 00:00:00', 0, '0000-00-00 00:00:00'),
	(684, 37, 'W22', 1, 999, 'odd-even', 0, '2012-01-27 00:00:00', 0, '0000-00-00 00:00:00', 0, '0000-00-00 00:00:00'),
	(685, 5, 'L21', 1, 999, 'odd-even', 0, '2012-01-27 00:00:00', 0, '0000-00-00 00:00:00', 0, '0000-00-00 00:00:00'),
	(686, 30, 'H23', 1, 999, 'odd-even', 0, '2012-01-27 00:00:00', 0, '0000-00-00 00:00:00', 0, '0000-00-00 00:00:00'),
	(687, 26, 'H12', 1, 999, 'odd-even', 0, '2012-01-27 00:00:00', 0, '0000-00-00 00:00:00', 0, '0000-00-00 00:00:00'),
	(688, 32, 'H32', 1, 999, 'odd-even', 0, '2012-01-27 00:00:00', 0, '0000-00-00 00:00:00', 0, '0000-00-00 00:00:00'),
	(689, 42, 'K33', 1, 999, 'odd-even', 0, '2012-01-27 00:00:00', 0, '0000-00-00 00:00:00', 0, '0000-00-00 00:00:00'),
	(690, 28, 'H21', 1, 999, 'odd-even', 0, '2012-01-27 00:00:00', 0, '0000-00-00 00:00:00', 0, '0000-00-00 00:00:00');

INSERT INTO `districts_relations` (`districts_relation_id`, `districts_district_id`, `districts_district_code`, `range_start`, `range_end`, `range_parity`, `created_by`, `created_on`, `modified_by`, `modified_on`, `locked_by`, `locked_on`)
VALUES
	(691, 20, 'K11', 1, 999, 'odd-even', 0, '2012-01-27 00:00:00', 0, '0000-00-00 00:00:00', 0, '0000-00-00 00:00:00'),
	(692, 13, 'L43', 1, 999, 'odd-even', 0, '2012-01-27 00:00:00', 0, '0000-00-00 00:00:00', 0, '0000-00-00 00:00:00'),
	(693, 9, 'L32', 38, 9999, 'odd-even', 0, '2012-01-27 00:00:00', 0, '0000-00-00 00:00:00', 0, '0000-00-00 00:00:00'),
	(694, 34, 'W11', 1, 999, 'odd-even', 0, '2012-01-27 00:00:00', 0, '0000-00-00 00:00:00', 0, '0000-00-00 00:00:00'),
	(695, 34, 'W11', 1, 999, 'odd-even', 0, '2012-01-27 00:00:00', 0, '0000-00-00 00:00:00', 0, '0000-00-00 00:00:00'),
	(696, 38, 'W21', 1, 999, 'odd-even', 0, '2012-01-27 00:00:00', 0, '0000-00-00 00:00:00', 0, '0000-00-00 00:00:00'),
	(697, 20, 'K11', 1, 999, 'odd-even', 0, '2012-01-27 00:00:00', 0, '0000-00-00 00:00:00', 0, '0000-00-00 00:00:00'),
	(699, 40, 'K32', 1, 999, 'odd-even', 0, '2012-01-27 00:00:00', 0, '0000-00-00 00:00:00', 0, '0000-00-00 00:00:00'),
	(700, 27, 'H13', 1, 999, 'odd-even', 0, '2012-01-27 00:00:00', 0, '0000-00-00 00:00:00', 0, '0000-00-00 00:00:00'),
	(701, 35, 'W12', 1, 999, 'odd-even', 0, '2012-01-27 00:00:00', 0, '0000-00-00 00:00:00', 0, '0000-00-00 00:00:00'),
	(702, 30, 'H23', 1, 999, 'odd-even', 0, '2012-01-27 00:00:00', 0, '0000-00-00 00:00:00', 0, '0000-00-00 00:00:00'),
	(703, 24, 'K23', 1, 999, 'odd-even', 0, '2012-01-27 00:00:00', 0, '0000-00-00 00:00:00', 0, '0000-00-00 00:00:00'),
	(704, 44, 'K41', 1, 999, 'odd-even', 0, '2012-01-27 00:00:00', 0, '0000-00-00 00:00:00', 0, '0000-00-00 00:00:00'),
	(705, 22, 'K13', 1, 999, 'odd-even', 0, '2012-01-27 00:00:00', 0, '0000-00-00 00:00:00', 0, '0000-00-00 00:00:00'),
	(706, 9, 'L32', 1, 999, 'odd-even', 0, '2012-01-27 00:00:00', 0, '0000-00-00 00:00:00', 0, '0000-00-00 00:00:00'),
	(708, 25, 'H11', 1, 999, 'odd-even', 0, '2012-01-27 00:00:00', 0, '0000-00-00 00:00:00', 0, '0000-00-00 00:00:00'),
	(709, 39, 'K22', 1, 999, 'odd-even', 0, '2012-01-27 00:00:00', 0, '0000-00-00 00:00:00', 0, '0000-00-00 00:00:00'),
	(710, 39, 'K22', 2, 152, 'even', 0, '2012-01-27 00:00:00', 0, '0000-00-00 00:00:00', 0, '0000-00-00 00:00:00'),
	(711, 7, 'L23', 1, 999, 'odd-even', 0, '2012-01-27 00:00:00', 0, '0000-00-00 00:00:00', 0, '0000-00-00 00:00:00'),
	(712, 34, 'W11', 1, 999, 'odd-even', 0, '2012-01-27 00:00:00', 0, '0000-00-00 00:00:00', 0, '0000-00-00 00:00:00'),
	(713, 16, 'L53', 1, 999, 'odd-even', 0, '2012-01-27 00:00:00', 0, '0000-00-00 00:00:00', 0, '0000-00-00 00:00:00'),
	(714, 35, 'W12', 1, 999, 'odd-even', 0, '2012-01-27 00:00:00', 0, '0000-00-00 00:00:00', 0, '0000-00-00 00:00:00'),
	(715, 22, 'K13', 1, 999, 'odd-even', 0, '2012-01-27 00:00:00', 0, '0000-00-00 00:00:00', 0, '0000-00-00 00:00:00'),
	(716, 38, 'W21', 1, 999, 'odd-even', 0, '2012-01-27 00:00:00', 0, '0000-00-00 00:00:00', 0, '0000-00-00 00:00:00'),
	(717, 31, 'H31', 1, 999, 'odd-even', 0, '2012-01-27 00:00:00', 0, '0000-00-00 00:00:00', 0, '0000-00-00 00:00:00'),
	(718, 31, 'H31', 1, 121, 'odd', 0, '2012-01-27 00:00:00', 0, '0000-00-00 00:00:00', 0, '0000-00-00 00:00:00'),
	(719, 11, 'L41', 1, 999, 'odd-even', 0, '2012-01-27 00:00:00', 0, '0000-00-00 00:00:00', 0, '0000-00-00 00:00:00'),
	(720, 5, 'L21', 1, 85, 'odd', 0, '2012-01-27 00:00:00', 0, '0000-00-00 00:00:00', 0, '0000-00-00 00:00:00'),
	(721, 43, 'K42', 1, 999, 'odd-even', 0, '2012-01-27 00:00:00', 0, '0000-00-00 00:00:00', 0, '0000-00-00 00:00:00'),
	(722, 33, 'H33', 1, 999, 'odd-even', 0, '2012-01-27 00:00:00', 0, '0000-00-00 00:00:00', 0, '0000-00-00 00:00:00'),
	(723, 33, 'H33', 1, 999, 'odd-even', 0, '2012-01-27 00:00:00', 0, '0000-00-00 00:00:00', 0, '0000-00-00 00:00:00'),
	(724, 7, 'L23', 1, 999, 'odd-even', 0, '2012-01-27 00:00:00', 0, '0000-00-00 00:00:00', 0, '0000-00-00 00:00:00'),
	(725, 7, 'L23', 1, 999, 'odd-even', 0, '2012-01-27 00:00:00', 0, '0000-00-00 00:00:00', 0, '0000-00-00 00:00:00'),
	(726, 28, 'H21', 1, 999, 'odd-even', 0, '2012-01-27 00:00:00', 0, '0000-00-00 00:00:00', 0, '0000-00-00 00:00:00'),
	(727, 20, 'K11', 1, 999, 'odd-even', 0, '2012-01-27 00:00:00', 0, '0000-00-00 00:00:00', 0, '0000-00-00 00:00:00'),
	(728, 14, 'L51', 1, 9999, 'odd', 0, '2012-01-27 00:00:00', 0, '0000-00-00 00:00:00', 0, '0000-00-00 00:00:00'),
	(729, 38, 'W21', 1, 999, 'odd-even', 0, '2012-01-27 00:00:00', 0, '0000-00-00 00:00:00', 0, '0000-00-00 00:00:00'),
	(730, 28, 'H21', 1, 999, 'odd-even', 0, '2012-01-27 00:00:00', 0, '0000-00-00 00:00:00', 0, '0000-00-00 00:00:00'),
	(731, 22, 'K13', 1, 195, 'odd', 0, '2012-01-27 00:00:00', 0, '0000-00-00 00:00:00', 0, '0000-00-00 00:00:00'),
	(732, 14, 'L51', 77, 999, 'odd', 0, '2012-01-27 00:00:00', 0, '0000-00-00 00:00:00', 0, '0000-00-00 00:00:00'),
	(733, 16, 'L53', 1, 9999, 'odd-even', 0, '2012-01-27 00:00:00', 0, '0000-00-00 00:00:00', 0, '0000-00-00 00:00:00'),
	(734, 23, 'K21', 1, 999, 'odd-even', 0, '2012-01-27 00:00:00', 0, '0000-00-00 00:00:00', 0, '0000-00-00 00:00:00'),
	(735, 23, 'K21', 1, 999, 'odd-even', 0, '2012-01-27 00:00:00', 0, '0000-00-00 00:00:00', 0, '0000-00-00 00:00:00'),
	(736, 7, 'L23', 1, 999, 'odd-even', 0, '2012-01-27 00:00:00', 0, '0000-00-00 00:00:00', 0, '0000-00-00 00:00:00'),
	(737, 40, 'K32', 1, 999, 'odd-even', 0, '2012-01-27 00:00:00', 0, '0000-00-00 00:00:00', 0, '0000-00-00 00:00:00'),
	(738, 7, 'L23', 1, 999, 'odd-even', 0, '2012-01-27 00:00:00', 0, '0000-00-00 00:00:00', 0, '0000-00-00 00:00:00'),
	(739, 22, 'K13', 2, 166, 'even', 0, '2012-01-27 00:00:00', 0, '0000-00-00 00:00:00', 0, '0000-00-00 00:00:00'),
	(740, 7, 'L23', 1, 999, 'odd-even', 0, '2012-01-27 00:00:00', 0, '0000-00-00 00:00:00', 0, '0000-00-00 00:00:00'),
	(741, 12, 'L42', 1, 999, 'odd-even', 0, '2012-01-27 00:00:00', 0, '0000-00-00 00:00:00', 0, '0000-00-00 00:00:00'),
	(743, 25, 'H11', 1, 999, 'odd-even', 0, '2012-01-27 00:00:00', 0, '0000-00-00 00:00:00', 0, '0000-00-00 00:00:00'),
	(744, 37, 'W22', 1, 999, 'odd-even', 0, '2012-01-27 00:00:00', 0, '0000-00-00 00:00:00', 0, '0000-00-00 00:00:00'),
	(747, 22, 'K13', 1, 999, 'odd-even', 0, '2012-01-27 00:00:00', 0, '0000-00-00 00:00:00', 0, '0000-00-00 00:00:00'),
	(748, 23, 'K21', 1, 999, 'odd-even', 0, '2012-01-27 00:00:00', 0, '0000-00-00 00:00:00', 0, '0000-00-00 00:00:00'),
	(749, 22, 'K13', 1, 999, 'odd-even', 0, '2012-01-27 00:00:00', 0, '0000-00-00 00:00:00', 0, '0000-00-00 00:00:00'),
	(750, 42, 'K33', 1, 999, 'odd-even', 0, '2012-01-27 00:00:00', 0, '0000-00-00 00:00:00', 0, '0000-00-00 00:00:00'),
	(751, 13, 'L43', 1, 999, 'odd-even', 0, '2012-01-27 00:00:00', 0, '0000-00-00 00:00:00', 0, '0000-00-00 00:00:00'),
	(752, 15, 'L52', 1, 999, 'odd-even', 0, '2012-01-27 00:00:00', 0, '0000-00-00 00:00:00', 0, '0000-00-00 00:00:00'),
	(753, 31, 'H31', 1, 999, 'odd-even', 0, '2012-01-27 00:00:00', 0, '0000-00-00 00:00:00', 0, '0000-00-00 00:00:00'),
	(754, 23, 'K21', 2, 116, 'even', 0, '2012-01-27 00:00:00', 0, '0000-00-00 00:00:00', 0, '0000-00-00 00:00:00'),
	(755, 25, 'H11', 1, 999, 'odd-even', 0, '2012-01-27 00:00:00', 0, '0000-00-00 00:00:00', 0, '0000-00-00 00:00:00'),
	(756, 11, 'L41', 1, 999, 'odd-even', 0, '2012-01-27 00:00:00', 0, '0000-00-00 00:00:00', 0, '0000-00-00 00:00:00'),
	(757, 28, 'H21', 1, 999, 'odd-even', 0, '2012-01-27 00:00:00', 0, '0000-00-00 00:00:00', 0, '0000-00-00 00:00:00'),
	(758, 32, 'H32', 1, 999, 'odd-even', 0, '2012-01-27 00:00:00', 0, '0000-00-00 00:00:00', 0, '0000-00-00 00:00:00'),
	(759, 40, 'K32', 1, 999, 'odd-even', 0, '2012-01-27 00:00:00', 0, '0000-00-00 00:00:00', 0, '0000-00-00 00:00:00'),
	(760, 23, 'K21', 1, 999, 'odd-even', 0, '2012-01-27 00:00:00', 0, '0000-00-00 00:00:00', 0, '0000-00-00 00:00:00'),
	(761, 13, 'L43', 1, 999, 'odd-even', 0, '2012-01-27 00:00:00', 0, '0000-00-00 00:00:00', 0, '0000-00-00 00:00:00');

INSERT INTO `districts_relations` (`districts_relation_id`, `districts_district_id`, `districts_district_code`, `range_start`, `range_end`, `range_parity`, `created_by`, `created_on`, `modified_by`, `modified_on`, `locked_by`, `locked_on`)
VALUES
	(762, 23, 'K21', 2, 48, 'even', 0, '2012-01-27 00:00:00', 0, '0000-00-00 00:00:00', 0, '0000-00-00 00:00:00'),
	(763, 25, 'H11', 1, 999, 'odd-even', 0, '2012-01-27 00:00:00', 0, '0000-00-00 00:00:00', 0, '0000-00-00 00:00:00'),
	(764, 21, 'K12', 1, 999, 'odd-even', 0, '2012-01-27 00:00:00', 0, '0000-00-00 00:00:00', 0, '0000-00-00 00:00:00'),
	(765, 37, 'W22', 1, 999, 'odd-even', 0, '2012-01-27 00:00:00', 0, '0000-00-00 00:00:00', 0, '0000-00-00 00:00:00'),
	(766, 24, 'K23', 16, 998, 'even', 0, '2012-01-27 00:00:00', 0, '0000-00-00 00:00:00', 0, '0000-00-00 00:00:00'),
	(768, 34, 'W11', 1, 999, 'odd-even', 0, '2012-01-27 00:00:00', 0, '0000-00-00 00:00:00', 0, '0000-00-00 00:00:00'),
	(769, 26, 'H12', 1, 3, 'odd', 0, '2012-01-27 00:00:00', 0, '0000-00-00 00:00:00', 0, '0000-00-00 00:00:00'),
	(770, 27, 'H13', 1, 999, 'odd', 0, '2012-01-27 00:00:00', 0, '0000-00-00 00:00:00', 0, '0000-00-00 00:00:00'),
	(772, 39, 'K22', 1, 999, 'odd-even', 0, '2012-01-27 00:00:00', 0, '0000-00-00 00:00:00', 0, '0000-00-00 00:00:00'),
	(773, 31, 'H31', 1, 999, 'odd-even', 0, '2012-01-27 00:00:00', 0, '0000-00-00 00:00:00', 0, '0000-00-00 00:00:00'),
	(774, 45, 'K43', 1, 999, 'odd-even', 0, '2012-01-27 00:00:00', 0, '0000-00-00 00:00:00', 0, '0000-00-00 00:00:00'),
	(775, 41, 'K31', 1, 999, 'odd-even', 0, '2012-01-27 00:00:00', 0, '0000-00-00 00:00:00', 0, '0000-00-00 00:00:00'),
	(776, 39, 'K22', 37, 157, 'odd', 0, '2012-01-27 00:00:00', 0, '0000-00-00 00:00:00', 0, '0000-00-00 00:00:00'),
	(777, 15, 'L52', 1, 999, 'odd-even', 0, '2012-01-27 00:00:00', 0, '0000-00-00 00:00:00', 0, '0000-00-00 00:00:00'),
	(778, 11, 'L41', 1, 999, 'odd-even', 0, '2012-01-27 00:00:00', 0, '0000-00-00 00:00:00', 0, '0000-00-00 00:00:00'),
	(779, 14, 'L51', 1, 999, 'odd-even', 0, '2012-01-27 00:00:00', 0, '0000-00-00 00:00:00', 0, '0000-00-00 00:00:00'),
	(780, 37, 'W22', 1, 999, 'odd-even', 0, '2012-01-27 00:00:00', 0, '0000-00-00 00:00:00', 0, '0000-00-00 00:00:00'),
	(781, 5, 'L21', 1, 999, 'odd-even', 0, '2012-01-27 00:00:00', 0, '0000-00-00 00:00:00', 0, '0000-00-00 00:00:00'),
	(782, 34, 'W11', 1, 999, 'odd-even', 0, '2012-01-27 00:00:00', 0, '0000-00-00 00:00:00', 0, '0000-00-00 00:00:00'),
	(783, 37, 'W22', 1, 999, 'odd-even', 0, '2012-01-27 00:00:00', 0, '0000-00-00 00:00:00', 0, '0000-00-00 00:00:00'),
	(784, 39, 'K22', 1, 111, 'odd', 0, '2012-01-27 00:00:00', 0, '0000-00-00 00:00:00', 0, '0000-00-00 00:00:00'),
	(785, 24, 'K23', 1, 999, 'odd-even', 0, '2012-01-27 00:00:00', 0, '0000-00-00 00:00:00', 0, '0000-00-00 00:00:00'),
	(786, 30, 'H23', 1, 999, 'odd-even', 0, '2012-01-27 00:00:00', 0, '0000-00-00 00:00:00', 0, '0000-00-00 00:00:00'),
	(787, 20, 'K11', 1, 999, 'odd-even', 0, '2012-01-27 00:00:00', 0, '0000-00-00 00:00:00', 0, '0000-00-00 00:00:00'),
	(788, 11, 'L41', 1, 999, 'odd-even', 0, '2012-01-27 00:00:00', 0, '0000-00-00 00:00:00', 0, '0000-00-00 00:00:00'),
	(789, 7, 'L23', 1, 999, 'odd-even', 0, '2012-01-27 00:00:00', 0, '0000-00-00 00:00:00', 0, '0000-00-00 00:00:00'),
	(790, 25, 'H11', 1, 999, 'odd-even', 0, '2012-01-27 00:00:00', 0, '0000-00-00 00:00:00', 0, '0000-00-00 00:00:00'),
	(792, 3, 'L12', 20, 60, 'even', 0, '2012-01-27 00:00:00', 0, '0000-00-00 00:00:00', 0, '0000-00-00 00:00:00'),
	(793, 2, 'L11', 1, 999, 'odd-even', 0, '2012-01-27 00:00:00', 0, '0000-00-00 00:00:00', 0, '0000-00-00 00:00:00'),
	(794, 17, 'L61', 1, 999, 'odd-even', 0, '2012-01-27 00:00:00', 0, '0000-00-00 00:00:00', 0, '0000-00-00 00:00:00'),
	(795, 3, 'L12', 1, 999, 'odd-even', 0, '2012-01-27 00:00:00', 0, '0000-00-00 00:00:00', 0, '0000-00-00 00:00:00'),
	(796, 2, 'L11', 1, 999, 'odd-even', 0, '2012-01-27 00:00:00', 0, '0000-00-00 00:00:00', 0, '0000-00-00 00:00:00'),
	(797, 21, 'K12', 1, 999, 'odd-even', 0, '2012-01-27 00:00:00', 0, '0000-00-00 00:00:00', 0, '0000-00-00 00:00:00'),
	(798, 17, 'L61', 12, 108, 'even', 0, '2012-01-27 00:00:00', 0, '0000-00-00 00:00:00', 0, '0000-00-00 00:00:00'),
	(799, 2, 'L11', 1, 999, 'odd-even', 0, '2012-01-27 00:00:00', 0, '0000-00-00 00:00:00', 0, '0000-00-00 00:00:00'),
	(800, 17, 'L61', 1, 999, 'odd-even', 0, '2012-01-27 00:00:00', 0, '0000-00-00 00:00:00', 0, '0000-00-00 00:00:00'),
	(801, 17, 'L61', 1, 999, 'odd-even', 0, '2012-01-27 00:00:00', 0, '0000-00-00 00:00:00', 0, '0000-00-00 00:00:00'),
	(802, 2, 'L11', 1, 999, 'odd-even', 0, '2012-01-27 00:00:00', 0, '0000-00-00 00:00:00', 0, '0000-00-00 00:00:00'),
	(803, 2, 'L11', 1, 999, 'odd-even', 0, '2012-01-27 00:00:00', 0, '0000-00-00 00:00:00', 0, '0000-00-00 00:00:00'),
	(805, 44, 'K41', 1, 999, 'odd-even', 0, '2012-01-27 00:00:00', 0, '0000-00-00 00:00:00', 0, '0000-00-00 00:00:00'),
	(806, 17, 'L61', 2, 22, 'even', 0, '2012-01-27 00:00:00', 0, '0000-00-00 00:00:00', 0, '0000-00-00 00:00:00'),
	(807, 6, 'L22', 2, 32, 'even', 0, '2012-01-27 00:00:00', 0, '0000-00-00 00:00:00', 0, '0000-00-00 00:00:00'),
	(808, 40, 'K32', 1, 999, 'odd-even', 0, '2012-01-27 00:00:00', 0, '0000-00-00 00:00:00', 0, '0000-00-00 00:00:00'),
	(809, 4, 'L13', 40, 164, 'even', 0, '2012-01-27 00:00:00', 0, '0000-00-00 00:00:00', 0, '0000-00-00 00:00:00'),
	(810, 2, 'L11', 1, 17, 'odd', 0, '2012-01-27 00:00:00', 0, '0000-00-00 00:00:00', 0, '0000-00-00 00:00:00'),
	(811, 3, 'L12', 19, 79, 'odd', 0, '2012-01-27 00:00:00', 0, '0000-00-00 00:00:00', 0, '0000-00-00 00:00:00'),
	(812, 4, 'L13', 1, 999, 'odd-even', 0, '2012-01-27 00:00:00', 0, '0000-00-00 00:00:00', 0, '0000-00-00 00:00:00'),
	(813, 4, 'L13', 1, 999, 'odd-even', 0, '2012-01-27 00:00:00', 0, '0000-00-00 00:00:00', 0, '0000-00-00 00:00:00'),
	(814, 3, 'L12', 1, 999, 'odd-even', 0, '2012-01-27 00:00:00', 0, '0000-00-00 00:00:00', 0, '0000-00-00 00:00:00'),
	(815, 3, 'L12', 1, 57, 'odd', 0, '2012-01-27 00:00:00', 0, '0000-00-00 00:00:00', 0, '0000-00-00 00:00:00'),
	(816, 4, 'L13', 1, 999, 'odd-even', 0, '2012-01-27 00:00:00', 0, '0000-00-00 00:00:00', 0, '0000-00-00 00:00:00'),
	(817, 4, 'L13', 1, 999, 'odd-even', 0, '2012-01-27 00:00:00', 0, '0000-00-00 00:00:00', 0, '0000-00-00 00:00:00'),
	(818, 4, 'L13', 1, 999, 'odd-even', 0, '2012-01-27 00:00:00', 0, '0000-00-00 00:00:00', 0, '0000-00-00 00:00:00'),
	(819, 21, 'K12', 1, 999, 'odd-even', 0, '2012-01-27 00:00:00', 0, '0000-00-00 00:00:00', 0, '0000-00-00 00:00:00'),
	(820, 4, 'L13', 1, 999, 'odd-even', 0, '2012-01-27 00:00:00', 0, '0000-00-00 00:00:00', 0, '0000-00-00 00:00:00'),
	(821, 3, 'L12', 1, 999, 'odd-even', 0, '2012-01-27 00:00:00', 0, '0000-00-00 00:00:00', 0, '0000-00-00 00:00:00'),
	(822, 4, 'L13', 1, 999, 'odd-even', 0, '2012-01-27 00:00:00', 0, '0000-00-00 00:00:00', 0, '0000-00-00 00:00:00'),
	(823, 3, 'L12', 1, 999, 'odd-even', 0, '2012-01-27 00:00:00', 0, '0000-00-00 00:00:00', 0, '0000-00-00 00:00:00'),
	(824, 4, 'L13', 24, 194, 'even', 0, '2012-01-27 00:00:00', 0, '0000-00-00 00:00:00', 0, '0000-00-00 00:00:00'),
	(825, 3, 'L12', 1, 999, 'odd-even', 0, '2012-01-27 00:00:00', 0, '0000-00-00 00:00:00', 0, '0000-00-00 00:00:00'),
	(826, 25, 'H11', 1, 999, 'odd-even', 0, '2012-01-27 00:00:00', 0, '0000-00-00 00:00:00', 0, '0000-00-00 00:00:00'),
	(827, 40, 'K32', 1, 999, 'odd-even', 0, '2012-01-27 00:00:00', 0, '0000-00-00 00:00:00', 0, '0000-00-00 00:00:00'),
	(828, 32, 'H32', 1, 999, 'odd-even', 0, '2012-01-27 00:00:00', 0, '0000-00-00 00:00:00', 0, '0000-00-00 00:00:00'),
	(829, 6, 'L22', 1, 999, 'odd-even', 0, '2012-01-27 00:00:00', 0, '0000-00-00 00:00:00', 0, '0000-00-00 00:00:00'),
	(830, 6, 'L22', 7, 999, 'odd-even', 0, '2012-01-27 00:00:00', 0, '0000-00-00 00:00:00', 0, '0000-00-00 00:00:00'),
	(831, 6, 'L22', 1, 33, 'odd-even', 0, '2012-01-27 00:00:00', 0, '0000-00-00 00:00:00', 0, '0000-00-00 00:00:00');

INSERT INTO `districts_relations` (`districts_relation_id`, `districts_district_id`, `districts_district_code`, `range_start`, `range_end`, `range_parity`, `created_by`, `created_on`, `modified_by`, `modified_on`, `locked_by`, `locked_on`)
VALUES
	(832, 3, 'L12', 1, 999, 'odd-even', 0, '2012-01-27 00:00:00', 0, '0000-00-00 00:00:00', 0, '0000-00-00 00:00:00'),
	(833, 5, 'L21', 1, 999, 'odd-even', 0, '2012-01-27 00:00:00', 0, '0000-00-00 00:00:00', 0, '0000-00-00 00:00:00'),
	(834, 40, 'K32', 152, 224, 'even', 0, '2012-01-27 00:00:00', 0, '0000-00-00 00:00:00', 0, '0000-00-00 00:00:00'),
	(835, 2, 'L11', 18, 32, 'odd', 0, '2012-01-27 00:00:00', 0, '0000-00-00 00:00:00', 0, '0000-00-00 00:00:00'),
	(836, 25, 'H11', 1, 999, 'odd-even', 0, '2012-01-27 00:00:00', 0, '0000-00-00 00:00:00', 0, '0000-00-00 00:00:00'),
	(837, 17, 'L61', 51, 89, 'odd', 0, '2012-01-27 00:00:00', 0, '0000-00-00 00:00:00', 0, '0000-00-00 00:00:00'),
	(838, 2, 'L11', 19, 43, 'even', 0, '2012-01-27 00:00:00', 0, '0000-00-00 00:00:00', 0, '0000-00-00 00:00:00'),
	(839, 6, 'L22', 1, 999, 'odd-even', 0, '2012-01-27 00:00:00', 0, '0000-00-00 00:00:00', 0, '0000-00-00 00:00:00'),
	(840, 6, 'L22', 1, 999, 'odd-even', 0, '2012-01-27 00:00:00', 0, '0000-00-00 00:00:00', 0, '0000-00-00 00:00:00'),
	(841, 6, 'L22', 1, 999, 'odd-even', 0, '2012-01-27 00:00:00', 0, '0000-00-00 00:00:00', 0, '0000-00-00 00:00:00'),
	(842, 6, 'L22', 1, 999, 'odd-even', 0, '2012-01-27 00:00:00', 0, '0000-00-00 00:00:00', 0, '0000-00-00 00:00:00'),
	(843, 1, 'KUL', 1, 999, 'odd-even', 0, '2012-01-27 00:00:00', 0, '0000-00-00 00:00:00', 0, '0000-00-00 00:00:00'),
	(844, 9, 'L32', 1, 999, 'odd-even', 0, '2012-01-27 00:00:00', 0, '0000-00-00 00:00:00', 0, '0000-00-00 00:00:00'),
	(845, 8, 'L31', 2, 44, 'even', 0, '2012-01-27 00:00:00', 0, '0000-00-00 00:00:00', 0, '0000-00-00 00:00:00'),
	(846, 8, 'L31', 1, 57, 'odd', 0, '2012-01-27 00:00:00', 0, '0000-00-00 00:00:00', 0, '0000-00-00 00:00:00'),
	(847, 9, 'L32', 1, 999, 'odd-even', 0, '2012-01-27 00:00:00', 0, '0000-00-00 00:00:00', 0, '0000-00-00 00:00:00'),
	(848, 17, 'L61', 11, 45, 'odd', 0, '2012-01-27 00:00:00', 0, '0000-00-00 00:00:00', 0, '0000-00-00 00:00:00'),
	(849, 9, 'L32', 1, 999, 'odd-even', 0, '2012-01-27 00:00:00', 0, '0000-00-00 00:00:00', 0, '0000-00-00 00:00:00'),
	(850, 12, 'L42', 1, 999, 'odd-even', 0, '2012-01-27 00:00:00', 0, '0000-00-00 00:00:00', 0, '0000-00-00 00:00:00'),
	(851, 16, 'L53', 1, 999, 'odd-even', 0, '2012-01-27 00:00:00', 0, '0000-00-00 00:00:00', 0, '0000-00-00 00:00:00'),
	(852, 25, 'H11', 2, 190, 'even', 0, '2012-01-27 00:00:00', 0, '0000-00-00 00:00:00', 0, '0000-00-00 00:00:00'),
	(853, 19, 'L63', 1, 999, 'odd-even', 0, '2012-01-27 00:00:00', 0, '0000-00-00 00:00:00', 0, '0000-00-00 00:00:00'),
	(854, 26, 'H12', 131, 999, 'odd', 0, '2012-01-27 00:00:00', 0, '0000-00-00 00:00:00', 0, '0000-00-00 00:00:00'),
	(855, 26, 'H12', 192, 998, 'even', 0, '2012-01-27 00:00:00', 0, '0000-00-00 00:00:00', 0, '0000-00-00 00:00:00'),
	(857, 25, 'H11', 1, 9999, 'odd-even', 0, '2012-01-27 00:00:00', 0, '0000-00-00 00:00:00', 0, '0000-00-00 00:00:00'),
	(858, 13, 'L43', 236, 358, 'even', 0, '2012-01-27 00:00:00', 0, '0000-00-00 00:00:00', 0, '0000-00-00 00:00:00'),
	(859, 12, 'L42', 146, 998, 'even', 0, '2012-01-27 00:00:00', 0, '0000-00-00 00:00:00', 0, '0000-00-00 00:00:00'),
	(862, 40, 'K32', 1, 9999, 'odd-even', 0, '2012-01-27 00:00:00', 0, '0000-00-00 00:00:00', 0, '0000-00-00 00:00:00'),
	(863, 31, 'H31', 1, 999, 'odd-even', 0, '2012-01-27 00:00:00', 0, '0000-00-00 00:00:00', 0, '0000-00-00 00:00:00'),
	(864, 32, 'H32', 1, 999, 'odd-even', 0, '2012-01-27 00:00:00', 0, '0000-00-00 00:00:00', 0, '0000-00-00 00:00:00'),
	(865, 32, 'H32', 1, 999, 'odd-even', 0, '2012-01-27 00:00:00', 0, '0000-00-00 00:00:00', 0, '0000-00-00 00:00:00'),
	(866, 27, 'H13', 1, 101, 'odd', 0, '2012-01-27 00:00:00', 0, '0000-00-00 00:00:00', 0, '0000-00-00 00:00:00'),
	(867, 35, 'W12', 1, 999, 'odd-even', 0, '2012-01-27 00:00:00', 0, '0000-00-00 00:00:00', 0, '0000-00-00 00:00:00'),
	(869, 37, 'W22', 1, 999, 'odd-even', 0, '2012-01-27 00:00:00', 0, '0000-00-00 00:00:00', 0, '0000-00-00 00:00:00'),
	(870, 45, 'K43', 1, 251, 'odd', 0, '2012-01-27 00:00:00', 0, '0000-00-00 00:00:00', 0, '0000-00-00 00:00:00'),
	(871, 40, 'K32', 3, 13, 'odd', 0, '2012-01-27 00:00:00', 0, '0000-00-00 00:00:00', 0, '0000-00-00 00:00:00'),
	(872, 42, 'K33', 1, 999, 'odd-even', 0, '2012-01-27 00:00:00', 0, '0000-00-00 00:00:00', 0, '0000-00-00 00:00:00'),
	(873, 22, 'K13', 1, 999, 'odd-even', 0, '2012-01-27 00:00:00', 0, '0000-00-00 00:00:00', 0, '0000-00-00 00:00:00'),
	(874, 22, 'K13', 1, 999, 'odd-even', 0, '2012-01-27 00:00:00', 0, '0000-00-00 00:00:00', 0, '0000-00-00 00:00:00'),
	(875, 26, 'H12', 68, 68, 'even', 0, '2012-01-27 00:00:00', 0, '0000-00-00 00:00:00', 0, '0000-00-00 00:00:00'),
	(876, 27, 'H13', 1, 99, 'odd', 0, '2012-01-27 00:00:00', 0, '0000-00-00 00:00:00', 0, '0000-00-00 00:00:00'),
	(879, 25, 'H11', 2, 66, 'even', 0, '2012-01-27 00:00:00', 0, '0000-00-00 00:00:00', 0, '0000-00-00 00:00:00'),
	(880, 9, 'L32', 1, 9999, 'odd-even', 0, '2012-01-27 00:00:00', 0, '0000-00-00 00:00:00', 0, '0000-00-00 00:00:00'),
	(881, 24, 'K23', 1, 999, 'odd-even', 0, '2012-01-27 00:00:00', 0, '0000-00-00 00:00:00', 0, '0000-00-00 00:00:00'),
	(882, 24, 'K23', 1, 999, 'odd-even', 0, '2012-01-27 00:00:00', 0, '0000-00-00 00:00:00', 0, '0000-00-00 00:00:00'),
	(883, 24, 'K23', 1, 999, 'odd-even', 0, '2012-01-27 00:00:00', 0, '0000-00-00 00:00:00', 0, '0000-00-00 00:00:00'),
	(884, 24, 'K23', 1, 999, 'odd-even', 0, '2012-01-27 00:00:00', 0, '0000-00-00 00:00:00', 0, '0000-00-00 00:00:00'),
	(885, 21, 'K12', 1, 999, 'odd-even', 0, '2012-01-27 00:00:00', 0, '0000-00-00 00:00:00', 0, '0000-00-00 00:00:00'),
	(886, 42, 'K33', 1, 999, 'odd-even', 0, '2012-01-27 00:00:00', 0, '0000-00-00 00:00:00', 0, '0000-00-00 00:00:00'),
	(887, 20, 'K11', 168, 998, 'even', 0, '2012-01-27 00:00:00', 0, '0000-00-00 00:00:00', 0, '0000-00-00 00:00:00'),
	(888, 44, 'K41', 1, 999, 'odd-even', 0, '2012-01-27 00:00:00', 0, '0000-00-00 00:00:00', 0, '0000-00-00 00:00:00'),
	(890, 44, 'K41', 1, 157, 'odd', 0, '2012-01-27 00:00:00', 0, '0000-00-00 00:00:00', 0, '0000-00-00 00:00:00'),
	(891, 21, 'K12', 1, 999, 'odd-even', 0, '2012-01-27 00:00:00', 0, '0000-00-00 00:00:00', 0, '0000-00-00 00:00:00'),
	(892, 21, 'K12', 1, 999, 'odd-even', 0, '2012-01-27 00:00:00', 0, '0000-00-00 00:00:00', 0, '0000-00-00 00:00:00'),
	(893, 21, 'K12', 1, 999, 'odd-even', 0, '2012-01-27 00:00:00', 0, '0000-00-00 00:00:00', 0, '0000-00-00 00:00:00'),
	(894, 21, 'K12', 1, 999, 'odd-even', 0, '2012-01-27 00:00:00', 0, '0000-00-00 00:00:00', 0, '0000-00-00 00:00:00'),
	(895, 21, 'K12', 1, 999, 'odd-even', 0, '2012-01-27 00:00:00', 0, '0000-00-00 00:00:00', 0, '0000-00-00 00:00:00'),
	(896, 23, 'K21', 1, 133, 'odd', 0, '2012-01-27 00:00:00', 0, '0000-00-00 00:00:00', 0, '0000-00-00 00:00:00'),
	(901, 23, 'K21', 1, 999, 'odd-even', 0, '2012-01-27 00:00:00', 0, '0000-00-00 00:00:00', 0, '0000-00-00 00:00:00'),
	(902, 23, 'K21', 1, 999, 'odd-even', 0, '2012-01-27 00:00:00', 0, '0000-00-00 00:00:00', 0, '0000-00-00 00:00:00'),
	(903, 23, 'K21', 1, 999, 'odd-even', 0, '2012-01-27 00:00:00', 0, '0000-00-00 00:00:00', 0, '0000-00-00 00:00:00'),
	(904, 39, 'K22', 380, 998, 'even', 0, '2012-01-27 00:00:00', 0, '0000-00-00 00:00:00', 0, '0000-00-00 00:00:00'),
	(905, 41, 'K31', 1, 999, 'odd-even', 0, '2012-01-27 00:00:00', 0, '0000-00-00 00:00:00', 0, '0000-00-00 00:00:00'),
	(906, 41, 'K31', 1, 999, 'odd-even', 0, '2012-01-27 00:00:00', 0, '0000-00-00 00:00:00', 0, '0000-00-00 00:00:00'),
	(907, 41, 'K31', 1, 999, 'odd-even', 0, '2012-01-27 00:00:00', 0, '0000-00-00 00:00:00', 0, '0000-00-00 00:00:00'),
	(908, 17, 'L61', 1, 999, 'odd-even', 0, '2012-01-27 00:00:00', 0, '0000-00-00 00:00:00', 0, '0000-00-00 00:00:00');

INSERT INTO `districts_relations` (`districts_relation_id`, `districts_district_id`, `districts_district_code`, `range_start`, `range_end`, `range_parity`, `created_by`, `created_on`, `modified_by`, `modified_on`, `locked_by`, `locked_on`)
VALUES
	(909, 9, 'L32', 1, 999, 'odd-even', 0, '2012-01-27 00:00:00', 0, '0000-00-00 00:00:00', 0, '0000-00-00 00:00:00'),
	(910, 15, 'L52', 1, 999, 'odd-even', 0, '2012-01-27 00:00:00', 0, '0000-00-00 00:00:00', 0, '0000-00-00 00:00:00'),
	(911, 9, 'L32', 1, 999, 'odd-even', 0, '2012-01-27 00:00:00', 0, '0000-00-00 00:00:00', 0, '0000-00-00 00:00:00'),
	(912, 9, 'L32', 1, 999, 'odd-even', 0, '2012-01-27 00:00:00', 0, '0000-00-00 00:00:00', 0, '0000-00-00 00:00:00'),
	(913, 11, 'L41', 1, 999, 'odd-even', 0, '2012-01-27 00:00:00', 0, '0000-00-00 00:00:00', 0, '0000-00-00 00:00:00'),
	(915, 34, 'W11', 1, 999, 'odd-even', 0, '2012-01-27 00:00:00', 0, '0000-00-00 00:00:00', 0, '0000-00-00 00:00:00'),
	(916, 37, 'W22', 1, 999, 'odd-even', 0, '2012-01-27 00:00:00', 0, '0000-00-00 00:00:00', 0, '0000-00-00 00:00:00'),
	(917, 34, 'W11', 1, 999, 'odd-even', 0, '2012-01-27 00:00:00', 0, '0000-00-00 00:00:00', 0, '0000-00-00 00:00:00'),
	(918, 34, 'W11', 1, 999, 'odd-even', 0, '2012-01-27 00:00:00', 0, '0000-00-00 00:00:00', 0, '0000-00-00 00:00:00'),
	(919, 16, 'L53', 1, 999, 'odd-even', 0, '2012-01-27 00:00:00', 0, '0000-00-00 00:00:00', 0, '0000-00-00 00:00:00'),
	(920, 21, 'K12', 1, 999, 'odd-even', 0, '2012-01-27 00:00:00', 0, '0000-00-00 00:00:00', 0, '0000-00-00 00:00:00'),
	(921, 23, 'K21', 1, 999, 'odd-even', 0, '2012-01-27 00:00:00', 0, '0000-00-00 00:00:00', 0, '0000-00-00 00:00:00'),
	(922, 21, 'K12', 1, 999, 'odd-even', 0, '2012-01-27 00:00:00', 0, '0000-00-00 00:00:00', 0, '0000-00-00 00:00:00'),
	(923, 23, 'K21', 1, 999, 'odd-even', 0, '2012-01-27 00:00:00', 0, '0000-00-00 00:00:00', 0, '0000-00-00 00:00:00'),
	(924, 21, 'K12', 1, 999, 'odd-even', 0, '2012-01-27 00:00:00', 0, '0000-00-00 00:00:00', 0, '0000-00-00 00:00:00'),
	(925, 41, 'K31', 1, 999, 'odd-even', 0, '2012-01-27 00:00:00', 0, '0000-00-00 00:00:00', 0, '0000-00-00 00:00:00'),
	(927, 25, 'H11', 1, 999, 'odd-even', 0, '2012-01-27 00:00:00', 0, '0000-00-00 00:00:00', 0, '0000-00-00 00:00:00'),
	(928, 29, 'H22', 1, 999, 'odd-even', 0, '2012-01-27 00:00:00', 0, '0000-00-00 00:00:00', 0, '0000-00-00 00:00:00'),
	(929, 32, 'H32', 1, 999, 'odd-even', 0, '2012-01-27 00:00:00', 0, '0000-00-00 00:00:00', 0, '0000-00-00 00:00:00'),
	(930, 29, 'H22', 1, 999, 'odd-even', 0, '2012-01-27 00:00:00', 0, '0000-00-00 00:00:00', 0, '0000-00-00 00:00:00'),
	(931, 29, 'H22', 1, 999, 'odd-even', 0, '2012-01-27 00:00:00', 0, '0000-00-00 00:00:00', 0, '0000-00-00 00:00:00'),
	(932, 29, 'H22', 1, 999, 'odd-even', 0, '2012-01-27 00:00:00', 0, '0000-00-00 00:00:00', 0, '0000-00-00 00:00:00'),
	(934, 26, 'H12', 1, 999, 'odd-even', 0, '2012-01-27 00:00:00', 0, '0000-00-00 00:00:00', 0, '0000-00-00 00:00:00'),
	(937, 44, 'K41', 2, 138, 'even', 0, '2012-01-27 00:00:00', 0, '0000-00-00 00:00:00', 0, '0000-00-00 00:00:00'),
	(938, 32, 'H32', 1, 999, 'odd-even', 0, '2012-01-27 00:00:00', 0, '0000-00-00 00:00:00', 0, '0000-00-00 00:00:00'),
	(939, 44, 'K41', 1, 999, 'odd-even', 0, '2012-01-27 00:00:00', 0, '0000-00-00 00:00:00', 0, '0000-00-00 00:00:00'),
	(941, 5, 'L21', 1, 999, 'odd-even', 0, '2012-01-27 00:00:00', 0, '0000-00-00 00:00:00', 0, '0000-00-00 00:00:00'),
	(942, 6, 'L22', 1, 999, 'odd-even', 0, '2012-01-27 00:00:00', 0, '0000-00-00 00:00:00', 0, '0000-00-00 00:00:00'),
	(944, 28, 'H21', 1, 999, 'odd-even', 0, '2012-01-27 00:00:00', 0, '0000-00-00 00:00:00', 0, '0000-00-00 00:00:00'),
	(945, 6, 'L22', 1, 999, 'odd-even', 0, '2012-01-27 00:00:00', 0, '0000-00-00 00:00:00', 0, '0000-00-00 00:00:00'),
	(946, 6, 'L22', 1, 999, 'odd-even', 0, '2012-01-27 00:00:00', 0, '0000-00-00 00:00:00', 0, '0000-00-00 00:00:00'),
	(948, 14, 'L51', 1, 999, 'odd-even', 0, '2012-01-27 00:00:00', 0, '0000-00-00 00:00:00', 0, '0000-00-00 00:00:00'),
	(949, 15, 'L52', 1, 999, 'odd-even', 0, '2012-01-27 00:00:00', 0, '0000-00-00 00:00:00', 0, '0000-00-00 00:00:00'),
	(950, 16, 'L53', 1, 999, 'odd-even', 0, '2012-01-27 00:00:00', 0, '0000-00-00 00:00:00', 0, '0000-00-00 00:00:00'),
	(952, 18, 'L62', 1, 999, 'odd-even', 0, '2012-01-27 00:00:00', 0, '0000-00-00 00:00:00', 0, '0000-00-00 00:00:00'),
	(953, 25, 'H11', 1, 999, 'odd-even', 0, '2012-01-27 00:00:00', 0, '0000-00-00 00:00:00', 0, '0000-00-00 00:00:00'),
	(955, 25, 'H11', 1, 999, 'odd-even', 0, '2012-01-27 00:00:00', 0, '0000-00-00 00:00:00', 0, '0000-00-00 00:00:00'),
	(956, 26, 'H12', 1, 999, 'odd-even', 0, '2012-01-27 00:00:00', 0, '0000-00-00 00:00:00', 0, '0000-00-00 00:00:00'),
	(957, 26, 'H12', 1, 999, 'odd-even', 0, '2012-01-27 00:00:00', 0, '0000-00-00 00:00:00', 0, '0000-00-00 00:00:00'),
	(958, 12, 'L42', 59, 999, 'odd', 0, '2012-01-27 00:00:00', 0, '0000-00-00 00:00:00', 0, '0000-00-00 00:00:00'),
	(959, 13, 'L43', 1, 999, 'odd-even', 0, '2012-01-27 00:00:00', 0, '0000-00-00 00:00:00', 0, '0000-00-00 00:00:00'),
	(960, 26, 'H12', 1, 999, 'odd-even', 0, '2012-01-27 00:00:00', 0, '0000-00-00 00:00:00', 0, '0000-00-00 00:00:00'),
	(961, 26, 'H12', 1, 999, 'odd-even', 0, '2012-01-27 00:00:00', 0, '0000-00-00 00:00:00', 0, '0000-00-00 00:00:00'),
	(962, 28, 'H21', 1, 999, 'odd-even', 0, '2012-01-27 00:00:00', 0, '0000-00-00 00:00:00', 0, '0000-00-00 00:00:00'),
	(963, 28, 'H21', 1, 999, 'odd-even', 0, '2012-01-27 00:00:00', 0, '0000-00-00 00:00:00', 0, '0000-00-00 00:00:00'),
	(964, 44, 'K41', 1, 999, 'odd-even', 0, '2012-01-27 00:00:00', 0, '0000-00-00 00:00:00', 0, '0000-00-00 00:00:00'),
	(965, 27, 'H13', 1, 999, 'odd-even', 0, '2012-01-27 00:00:00', 0, '0000-00-00 00:00:00', 0, '0000-00-00 00:00:00'),
	(966, 44, 'K41', 1, 999, 'odd-even', 0, '2012-01-27 00:00:00', 0, '0000-00-00 00:00:00', 0, '0000-00-00 00:00:00'),
	(967, 27, 'H13', 1, 91, 'odd', 0, '2012-01-27 00:00:00', 0, '0000-00-00 00:00:00', 0, '0000-00-00 00:00:00'),
	(968, 27, 'H13', 102, 102, 'even', 0, '2012-01-27 00:00:00', 0, '0000-00-00 00:00:00', 0, '0000-00-00 00:00:00'),
	(969, 30, 'H23', 1, 999, 'odd-even', 0, '2012-01-27 00:00:00', 0, '0000-00-00 00:00:00', 0, '0000-00-00 00:00:00'),
	(970, 32, 'H32', 1, 999, 'odd-even', 0, '2012-01-27 00:00:00', 0, '0000-00-00 00:00:00', 0, '0000-00-00 00:00:00'),
	(971, 32, 'H32', 1, 999, 'odd-even', 0, '2012-01-27 00:00:00', 0, '0000-00-00 00:00:00', 0, '0000-00-00 00:00:00'),
	(972, 32, 'H32', 1, 999, 'odd-even', 0, '2012-01-27 00:00:00', 0, '0000-00-00 00:00:00', 0, '0000-00-00 00:00:00'),
	(973, 33, 'H33', 1, 999, 'odd-even', 0, '2012-01-27 00:00:00', 0, '0000-00-00 00:00:00', 0, '0000-00-00 00:00:00'),
	(974, 32, 'H32', 1, 999, 'odd-even', 0, '2012-01-27 00:00:00', 0, '0000-00-00 00:00:00', 0, '0000-00-00 00:00:00'),
	(975, 32, 'H32', 1, 999, 'odd-even', 0, '2012-01-27 00:00:00', 0, '0000-00-00 00:00:00', 0, '0000-00-00 00:00:00'),
	(976, 33, 'H33', 1, 999, 'odd-even', 0, '2012-01-27 00:00:00', 0, '0000-00-00 00:00:00', 0, '0000-00-00 00:00:00'),
	(977, 32, 'H32', 1, 999, 'odd-even', 0, '2012-01-27 00:00:00', 0, '0000-00-00 00:00:00', 0, '0000-00-00 00:00:00'),
	(978, 43, 'K42', 1, 9999, 'odd-even', 0, '2012-01-27 00:00:00', 0, '0000-00-00 00:00:00', 0, '0000-00-00 00:00:00'),
	(979, 34, 'W11', 95, 999, 'odd', 0, '2012-01-27 00:00:00', 0, '0000-00-00 00:00:00', 0, '0000-00-00 00:00:00'),
	(980, 43, 'K42', 1, 9999, 'odd-even', 0, '2012-01-27 00:00:00', 0, '0000-00-00 00:00:00', 0, '0000-00-00 00:00:00'),
	(981, 38, 'W21', 1, 999, 'odd-even', 0, '2012-01-27 00:00:00', 0, '0000-00-00 00:00:00', 0, '0000-00-00 00:00:00'),
	(982, 34, 'W11', 1, 999, 'odd-even', 0, '2012-01-27 00:00:00', 0, '0000-00-00 00:00:00', 0, '0000-00-00 00:00:00'),
	(983, 34, 'W11', 1, 999, 'odd-even', 0, '2012-01-27 00:00:00', 0, '0000-00-00 00:00:00', 0, '0000-00-00 00:00:00');

INSERT INTO `districts_relations` (`districts_relation_id`, `districts_district_id`, `districts_district_code`, `range_start`, `range_end`, `range_parity`, `created_by`, `created_on`, `modified_by`, `modified_on`, `locked_by`, `locked_on`)
VALUES
	(984, 35, 'W12', 1, 999, 'odd-even', 0, '2012-01-27 00:00:00', 0, '0000-00-00 00:00:00', 0, '0000-00-00 00:00:00'),
	(985, 40, 'K32', 1, 999, 'odd-even', 0, '2012-01-27 00:00:00', 0, '0000-00-00 00:00:00', 0, '0000-00-00 00:00:00'),
	(986, 40, 'K32', 1, 999, 'odd-even', 0, '2012-01-27 00:00:00', 0, '0000-00-00 00:00:00', 0, '0000-00-00 00:00:00'),
	(987, 40, 'K32', 1, 999, 'odd-even', 0, '2012-01-27 00:00:00', 0, '0000-00-00 00:00:00', 0, '0000-00-00 00:00:00'),
	(988, 40, 'K32', 1, 999, 'odd-even', 0, '2012-01-27 00:00:00', 0, '0000-00-00 00:00:00', 0, '0000-00-00 00:00:00'),
	(989, 40, 'K32', 1, 999, 'odd-even', 0, '2012-01-27 00:00:00', 0, '0000-00-00 00:00:00', 0, '0000-00-00 00:00:00'),
	(991, 24, 'K23', 1, 999, 'even', 0, '2012-01-27 00:00:00', 0, '0000-00-00 00:00:00', 0, '0000-00-00 00:00:00'),
	(992, 30, 'H23', 1, 999, 'odd-even', 0, '2012-01-27 00:00:00', 0, '0000-00-00 00:00:00', 0, '0000-00-00 00:00:00'),
	(993, 24, 'K23', 1, 999, 'odd', 0, '2012-01-27 00:00:00', 0, '0000-00-00 00:00:00', 0, '0000-00-00 00:00:00'),
	(994, 40, 'K32', 2, 68, 'odd', 0, '2012-01-27 00:00:00', 0, '0000-00-00 00:00:00', 0, '0000-00-00 00:00:00'),
	(995, 24, 'K23', 1, 999, 'odd-even', 0, '2012-01-27 00:00:00', 0, '0000-00-00 00:00:00', 0, '0000-00-00 00:00:00'),
	(996, 22, 'K13', 1, 999, 'odd-even', 0, '2012-01-27 00:00:00', 0, '0000-00-00 00:00:00', 0, '0000-00-00 00:00:00'),
	(997, 43, 'K42', 1, 211, 'odd', 0, '2012-01-27 00:00:00', 0, '0000-00-00 00:00:00', 0, '0000-00-00 00:00:00'),
	(998, 39, 'K22', 437, 999, 'odd', 0, '2012-01-27 00:00:00', 0, '0000-00-00 00:00:00', 0, '0000-00-00 00:00:00'),
	(999, 22, 'K13', 1, 999, 'odd-even', 0, '2012-01-27 00:00:00', 0, '0000-00-00 00:00:00', 0, '0000-00-00 00:00:00'),
	(1001, 22, 'K13', 1, 999, 'odd-even', 0, '2012-01-27 00:00:00', 0, '0000-00-00 00:00:00', 0, '0000-00-00 00:00:00'),
	(1002, 39, 'K22', 556, 998, 'even', 0, '2012-01-27 00:00:00', 0, '0000-00-00 00:00:00', 0, '0000-00-00 00:00:00'),
	(1003, 39, 'K22', 497, 999, 'odd', 0, '2012-01-27 00:00:00', 0, '0000-00-00 00:00:00', 0, '0000-00-00 00:00:00'),
	(1006, 20, 'K11', 1, 999, 'odd-even', 0, '2012-01-27 00:00:00', 0, '0000-00-00 00:00:00', 0, '0000-00-00 00:00:00'),
	(1007, 20, 'K11', 1, 999, 'odd-even', 0, '2012-01-27 00:00:00', 0, '0000-00-00 00:00:00', 0, '0000-00-00 00:00:00'),
	(1008, 39, 'K22', 1, 999, 'odd-even', 0, '2012-01-27 00:00:00', 0, '0000-00-00 00:00:00', 0, '0000-00-00 00:00:00'),
	(1009, 39, 'K22', 1, 999, 'odd-even', 0, '2012-01-27 00:00:00', 0, '0000-00-00 00:00:00', 0, '0000-00-00 00:00:00'),
	(1010, 42, 'K33', 1, 999, 'odd-even', 0, '2012-01-27 00:00:00', 0, '0000-00-00 00:00:00', 0, '0000-00-00 00:00:00'),
	(1011, 41, 'K31', 1, 999, 'odd-even', 0, '2012-01-27 00:00:00', 0, '0000-00-00 00:00:00', 0, '0000-00-00 00:00:00'),
	(1012, 41, 'K31', 1, 999, 'odd-even', 0, '2012-01-27 00:00:00', 0, '0000-00-00 00:00:00', 0, '0000-00-00 00:00:00'),
	(1013, 41, 'K31', 1, 999, 'odd-even', 0, '2012-01-27 00:00:00', 0, '0000-00-00 00:00:00', 0, '0000-00-00 00:00:00'),
	(1014, 41, 'K31', 106, 378, 'even', 0, '2012-01-27 00:00:00', 0, '0000-00-00 00:00:00', 0, '0000-00-00 00:00:00'),
	(1015, 43, 'K42', 1, 999, 'odd-even', 0, '2012-01-27 00:00:00', 0, '0000-00-00 00:00:00', 0, '0000-00-00 00:00:00'),
	(1016, 42, 'K33', 253, 335, 'odd', 0, '2012-01-27 00:00:00', 0, '0000-00-00 00:00:00', 0, '0000-00-00 00:00:00'),
	(1018, 16, 'L53', 1, 9999, 'odd-even', 0, '2012-01-27 00:00:00', 0, '0000-00-00 00:00:00', 0, '0000-00-00 00:00:00'),
	(1019, 41, 'K31', 1, 999, 'odd-even', 0, '2012-01-27 00:00:00', 0, '0000-00-00 00:00:00', 0, '0000-00-00 00:00:00'),
	(1020, 3, 'L12', 1, 17, 'odd', 0, '2012-01-27 00:00:00', 0, '0000-00-00 00:00:00', 0, '0000-00-00 00:00:00'),
	(1021, 16, 'L53', 1, 999, 'odd-even', 0, '2012-01-27 00:00:00', 0, '0000-00-00 00:00:00', 0, '0000-00-00 00:00:00'),
	(1022, 15, 'L52', 1, 9999, 'odd-even', 0, '2012-01-27 00:00:00', 0, '0000-00-00 00:00:00', 0, '0000-00-00 00:00:00'),
	(1023, 11, 'L41', 2, 42, 'even', 0, '2012-01-27 00:00:00', 0, '0000-00-00 00:00:00', 0, '0000-00-00 00:00:00'),
	(1024, 9, 'L32', 1, 9999, 'odd-even', 0, '2012-01-27 00:00:00', 0, '0000-00-00 00:00:00', 0, '0000-00-00 00:00:00'),
	(1025, 3, 'L12', 34, 38, 'even', 0, '2012-01-27 00:00:00', 0, '0000-00-00 00:00:00', 0, '0000-00-00 00:00:00'),
	(1026, 3, 'L12', 1, 29, 'odd', 0, '2012-01-27 00:00:00', 0, '0000-00-00 00:00:00', 0, '0000-00-00 00:00:00'),
	(1027, 4, 'L13', 62, 9999, 'even', 0, '2012-01-27 00:00:00', 0, '0000-00-00 00:00:00', 0, '0000-00-00 00:00:00'),
	(1028, 4, 'L13', 81, 9999, 'odd', 0, '2012-01-27 00:00:00', 0, '0000-00-00 00:00:00', 0, '0000-00-00 00:00:00'),
	(1029, 12, 'L42', 36, 998, 'even', 0, '2012-01-27 00:00:00', 0, '0000-00-00 00:00:00', 0, '0000-00-00 00:00:00'),
	(1030, 43, 'K42', 1, 9999, 'odd-even', 0, '2012-01-27 00:00:00', 0, '0000-00-00 00:00:00', 0, '0000-00-00 00:00:00'),
	(1031, 16, 'L53', 2, 998, 'even', 0, '2012-01-27 00:00:00', 0, '0000-00-00 00:00:00', 0, '0000-00-00 00:00:00'),
	(1032, 16, 'L53', 1, 75, 'odd', 0, '2012-01-27 00:00:00', 0, '0000-00-00 00:00:00', 0, '0000-00-00 00:00:00'),
	(1034, 13, 'L43', 1, 999, 'odd-even', 0, '2012-01-27 00:00:00', 0, '0000-00-00 00:00:00', 0, '0000-00-00 00:00:00'),
	(1036, 8, 'L31', 1, 9, 'odd-even', 0, '2012-01-27 00:00:00', 0, '0000-00-00 00:00:00', 0, '0000-00-00 00:00:00'),
	(1037, 6, 'L22', 2, 40, 'odd-even', 0, '2012-01-27 00:00:00', 0, '0000-00-00 00:00:00', 0, '0000-00-00 00:00:00'),
	(1038, 6, 'L22', 35, 135, 'odd-even', 0, '2012-01-27 00:00:00', 0, '0000-00-00 00:00:00', 0, '0000-00-00 00:00:00'),
	(1039, 6, 'L22', 42, 204, 'odd-even', 0, '2012-01-27 00:00:00', 0, '0000-00-00 00:00:00', 0, '0000-00-00 00:00:00'),
	(1040, 3, 'L12', 2, 28, 'even', 0, '2012-01-27 00:00:00', 0, '0000-00-00 00:00:00', 0, '0000-00-00 00:00:00'),
	(1041, 4, 'L13', 59, 999, 'odd', 0, '2012-01-27 00:00:00', 0, '0000-00-00 00:00:00', 0, '0000-00-00 00:00:00'),
	(1042, 4, 'L13', 30, 32, 'even', 0, '2012-01-27 00:00:00', 0, '0000-00-00 00:00:00', 0, '0000-00-00 00:00:00'),
	(1044, 16, 'L53', 217, 231, 'odd', 0, '2012-01-27 00:00:00', 0, '0000-00-00 00:00:00', 0, '0000-00-00 00:00:00'),
	(1045, 15, 'L52', 1, 211, 'odd-even', 0, '2012-01-27 00:00:00', 0, '0000-00-00 00:00:00', 0, '0000-00-00 00:00:00'),
	(1046, 9, 'L32', 1, 9999, 'odd-even', 0, '2012-01-27 00:00:00', 0, '0000-00-00 00:00:00', 0, '0000-00-00 00:00:00'),
	(1047, 16, 'L53', 106, 999, 'even', 0, '2012-01-27 00:00:00', 0, '0000-00-00 00:00:00', 0, '0000-00-00 00:00:00'),
	(1048, 19, 'L63', 1, 999, 'odd-even', 0, '2012-01-27 00:00:00', 0, '0000-00-00 00:00:00', 0, '0000-00-00 00:00:00'),
	(1049, 4, 'L13', 1, 999, 'odd-even', 0, '2012-01-27 00:00:00', 0, '0000-00-00 00:00:00', 0, '0000-00-00 00:00:00'),
	(1050, 12, 'L42', 2, 96, 'even', 0, '2012-01-27 00:00:00', 0, '0000-00-00 00:00:00', 0, '0000-00-00 00:00:00'),
	(1051, 12, 'L42', 1, 93, 'odd', 0, '2012-01-27 00:00:00', 0, '0000-00-00 00:00:00', 0, '0000-00-00 00:00:00'),
	(1052, 16, 'L53', 95, 999, 'odd', 0, '2012-01-27 00:00:00', 0, '0000-00-00 00:00:00', 0, '0000-00-00 00:00:00'),
	(1053, 16, 'L53', 98, 998, 'even', 0, '2012-01-27 00:00:00', 0, '0000-00-00 00:00:00', 0, '0000-00-00 00:00:00'),
	(1054, 14, 'L51', 1, 999, 'odd-even', 0, '2012-01-27 00:00:00', 0, '0000-00-00 00:00:00', 0, '0000-00-00 00:00:00'),
	(1055, 5, 'L21', 1, 119, 'odd-even', 0, '2012-01-27 00:00:00', 0, '0000-00-00 00:00:00', 0, '0000-00-00 00:00:00'),
	(1056, 5, 'L21', 2, 124, 'odd-even', 0, '2012-01-27 00:00:00', 0, '0000-00-00 00:00:00', 0, '0000-00-00 00:00:00'),
	(1057, 6, 'L22', 128, 280, 'odd-even', 0, '2012-01-27 00:00:00', 0, '0000-00-00 00:00:00', 0, '0000-00-00 00:00:00');

INSERT INTO `districts_relations` (`districts_relation_id`, `districts_district_id`, `districts_district_code`, `range_start`, `range_end`, `range_parity`, `created_by`, `created_on`, `modified_by`, `modified_on`, `locked_by`, `locked_on`)
VALUES
	(1058, 6, 'L22', 125, 273, 'odd-even', 0, '2012-01-27 00:00:00', 0, '0000-00-00 00:00:00', 0, '0000-00-00 00:00:00'),
	(1063, 7, 'L23', 1, 999, 'odd-even', 0, '2012-01-27 00:00:00', 0, '0000-00-00 00:00:00', 0, '0000-00-00 00:00:00'),
	(1064, 7, 'L23', 7, 999, 'odd-even', 0, '2012-01-27 00:00:00', 0, '0000-00-00 00:00:00', 0, '0000-00-00 00:00:00'),
	(1065, 14, 'L51', 1, 57, 'odd', 0, '2012-01-27 00:00:00', 0, '0000-00-00 00:00:00', 0, '0000-00-00 00:00:00'),
	(1067, 34, 'W11', 2, 626, 'even', 0, '2012-01-27 00:00:00', 0, '0000-00-00 00:00:00', 0, '0000-00-00 00:00:00'),
	(1068, 34, 'W11', 1, 419, 'even', 0, '2012-01-27 00:00:00', 0, '0000-00-00 00:00:00', 0, '0000-00-00 00:00:00'),
	(1069, 4, 'L13', 48, 56, 'even', 0, '2012-01-27 00:00:00', 0, '0000-00-00 00:00:00', 0, '0000-00-00 00:00:00'),
	(1071, 34, 'W11', 1, 999, 'odd-even', 0, '2012-01-27 00:00:00', 0, '0000-00-00 00:00:00', 0, '0000-00-00 00:00:00'),
	(1072, 34, 'W11', 1, 999, 'odd-even', 0, '2012-01-27 00:00:00', 0, '0000-00-00 00:00:00', 0, '0000-00-00 00:00:00'),
	(1074, 3, 'L12', 34, 46, 'even', 0, '2012-01-27 00:00:00', 0, '0000-00-00 00:00:00', 0, '0000-00-00 00:00:00'),
	(1075, 34, 'W11', 1, 999, 'odd-even', 0, '2012-01-27 00:00:00', 0, '0000-00-00 00:00:00', 0, '0000-00-00 00:00:00'),
	(1076, 17, 'L61', 1, 999, 'odd-even', 0, '2012-01-27 00:00:00', 0, '0000-00-00 00:00:00', 0, '0000-00-00 00:00:00'),
	(1077, 34, 'W11', 1, 999, 'odd-even', 0, '2012-01-27 00:00:00', 0, '0000-00-00 00:00:00', 0, '0000-00-00 00:00:00'),
	(1078, 34, 'W11', 1, 999, 'odd-even', 0, '2012-01-27 00:00:00', 0, '0000-00-00 00:00:00', 0, '0000-00-00 00:00:00'),
	(1080, 5, 'L21', 45, 51, 'odd', 0, '2012-01-27 00:00:00', 0, '0000-00-00 00:00:00', 0, '0000-00-00 00:00:00'),
	(1082, 43, 'K42', 1, 9999, 'odd-even', 0, '2012-01-27 00:00:00', 0, '0000-00-00 00:00:00', 0, '0000-00-00 00:00:00'),
	(1083, 43, 'K42', 1, 9999, 'odd-even', 0, '2012-01-27 00:00:00', 0, '0000-00-00 00:00:00', 0, '0000-00-00 00:00:00'),
	(1084, 5, 'L21', 1, 121, 'odd', 0, '2012-01-27 00:00:00', 0, '0000-00-00 00:00:00', 0, '0000-00-00 00:00:00'),
	(1085, 38, 'W21', 628, 944, 'even', 0, '2012-01-27 00:00:00', 0, '0000-00-00 00:00:00', 0, '0000-00-00 00:00:00'),
	(1086, 38, 'W21', 421, 779, 'odd', 0, '2012-01-27 00:00:00', 0, '0000-00-00 00:00:00', 0, '0000-00-00 00:00:00'),
	(1089, 38, 'W21', 1, 999, 'odd-even', 0, '2012-01-27 00:00:00', 0, '0000-00-00 00:00:00', 0, '0000-00-00 00:00:00'),
	(1090, 38, 'W21', 1, 999, 'odd-even', 0, '2012-01-27 00:00:00', 0, '0000-00-00 00:00:00', 0, '0000-00-00 00:00:00'),
	(1093, 38, 'W21', 1, 999, 'odd-even', 0, '2012-01-27 00:00:00', 0, '0000-00-00 00:00:00', 0, '0000-00-00 00:00:00'),
	(1095, 6, 'L22', 239, 239, 'odd', 0, '2012-01-27 00:00:00', 0, '0000-00-00 00:00:00', 0, '0000-00-00 00:00:00'),
	(1096, 43, 'K42', 1, 999, 'odd-even', 0, '2012-01-27 00:00:00', 0, '0000-00-00 00:00:00', 0, '0000-00-00 00:00:00'),
	(1098, 37, 'W22', 1, 9999, 'odd-even', 0, '2012-01-27 00:00:00', 0, '0000-00-00 00:00:00', 0, '0000-00-00 00:00:00'),
	(1099, 37, 'W22', 1, 9999, 'odd-even', 0, '2012-01-27 00:00:00', 0, '0000-00-00 00:00:00', 0, '0000-00-00 00:00:00'),
	(1100, 37, 'W22', 1, 9999, 'odd-even', 0, '2012-01-27 00:00:00', 0, '0000-00-00 00:00:00', 0, '0000-00-00 00:00:00'),
	(1101, 43, 'K42', 1, 9999, 'odd-even', 0, '2012-01-27 00:00:00', 0, '0000-00-00 00:00:00', 0, '0000-00-00 00:00:00'),
	(1102, 43, 'K42', 1, 9999, 'odd-even', 0, '2012-01-27 00:00:00', 0, '0000-00-00 00:00:00', 0, '0000-00-00 00:00:00'),
	(1103, 45, 'K43', 1, 999, 'odd-even', 0, '2012-01-27 00:00:00', 0, '0000-00-00 00:00:00', 0, '0000-00-00 00:00:00'),
	(1104, 45, 'K43', 200, 200, 'even', 0, '2012-01-27 00:00:00', 0, '0000-00-00 00:00:00', 0, '0000-00-00 00:00:00'),
	(1105, 29, 'H22', 1, 9999, 'odd-even', 0, '2012-01-27 00:00:00', 0, '0000-00-00 00:00:00', 0, '0000-00-00 00:00:00'),
	(1106, 12, 'L42', 1, 9999, 'odd-even', 0, '2012-01-27 00:00:00', 0, '0000-00-00 00:00:00', 0, '0000-00-00 00:00:00'),
	(1107, 8, 'L31', 1, 9999, 'odd-even', 0, '2012-01-27 00:00:00', 0, '0000-00-00 00:00:00', 0, '0000-00-00 00:00:00'),
	(1108, 16, 'L53', 1, 9999, 'odd-even', 0, '2012-01-27 00:00:00', 0, '0000-00-00 00:00:00', 0, '0000-00-00 00:00:00'),
	(1109, 37, 'W22', 1, 9999, 'odd-even', 0, '2012-01-27 00:00:00', 0, '0000-00-00 00:00:00', 0, '0000-00-00 00:00:00'),
	(1110, 6, 'L22', 1, 999, 'odd-even', 0, '2012-01-27 00:00:00', 0, '0000-00-00 00:00:00', 0, '0000-00-00 00:00:00'),
	(1111, 5, 'L21', 1, 9999, 'odd-even', 0, '2012-01-27 00:00:00', 0, '0000-00-00 00:00:00', 0, '0000-00-00 00:00:00'),
	(1112, 16, 'L53', 1, 9999, 'odd-even', 0, '2012-01-27 00:00:00', 0, '0000-00-00 00:00:00', 0, '0000-00-00 00:00:00'),
	(1113, 19, 'L63', 1, 9999, 'odd-even', 0, '2012-01-27 00:00:00', 0, '0000-00-00 00:00:00', 0, '0000-00-00 00:00:00'),
	(1114, 37, 'W22', 1, 9999, 'odd-even', 0, '2012-01-27 00:00:00', 0, '0000-00-00 00:00:00', 0, '0000-00-00 00:00:00'),
	(1115, 5, 'L21', 2, 124, 'even', 0, '2012-01-27 00:00:00', 0, '0000-00-00 00:00:00', 0, '0000-00-00 00:00:00'),
	(1116, 6, 'L22', 126, 284, 'even', 0, '2012-01-27 00:00:00', 0, '0000-00-00 00:00:00', 0, '0000-00-00 00:00:00'),
	(1117, 6, 'L22', 123, 273, 'odd', 0, '2012-01-27 00:00:00', 0, '0000-00-00 00:00:00', 0, '0000-00-00 00:00:00'),
	(1118, 1, 'KUL', 1, 9999, 'odd-even', 0, '2012-01-27 00:00:00', 0, '0000-00-00 00:00:00', 0, '0000-00-00 00:00:00'),
	(1119, 1, 'KUL', 5, 5, 'odd', 0, '2012-01-27 00:00:00', 0, '0000-00-00 00:00:00', 0, '0000-00-00 00:00:00'),
	(1120, 40, 'K32', 1, 43, 'odd', 0, '2012-01-27 00:00:00', 0, '0000-00-00 00:00:00', 0, '0000-00-00 00:00:00'),
	(1121, 40, 'K32', 2, 14, 'even', 0, '2012-01-27 00:00:00', 0, '0000-00-00 00:00:00', 0, '0000-00-00 00:00:00'),
	(1122, 6, 'L22', 1, 9999, 'odd-even', 0, '2012-01-27 00:00:00', 0, '0000-00-00 00:00:00', 0, '0000-00-00 00:00:00'),
	(1123, 25, 'H11', 1, 9999, 'odd-even', 0, '2012-01-27 00:00:00', 0, '0000-00-00 00:00:00', 0, '0000-00-00 00:00:00'),
	(1124, 19, 'L63', 1, 999, 'odd-even', 0, '2012-01-27 00:00:00', 0, '0000-00-00 00:00:00', 0, '0000-00-00 00:00:00'),
	(1125, 16, 'L53', 1, 999, 'odd-even', 0, '2012-01-27 00:00:00', 0, '0000-00-00 00:00:00', 0, '0000-00-00 00:00:00'),
	(1126, 15, 'L52', 1, 999, 'odd-even', 0, '2012-01-27 00:00:00', 0, '0000-00-00 00:00:00', 0, '0000-00-00 00:00:00'),
	(1127, 16, 'L53', 202, 202, 'odd', 0, '2012-01-27 00:00:00', 0, '0000-00-00 00:00:00', 0, '0000-00-00 00:00:00'),
	(1128, 5, 'L21', 1, 999, 'odd-even', 0, '2012-01-27 00:00:00', 0, '0000-00-00 00:00:00', 0, '0000-00-00 00:00:00'),
	(1129, 14, 'L51', 146, 330, 'odd', 0, '2012-01-27 00:00:00', 0, '0000-00-00 00:00:00', 0, '0000-00-00 00:00:00'),
	(1130, 14, 'L51', 1, 330, 'odd-even', 0, '2012-01-27 00:00:00', 0, '0000-00-00 00:00:00', 0, '0000-00-00 00:00:00'),
	(1131, 6, 'L22', 1, 999, 'odd-even', 0, '2012-01-27 00:00:00', 0, '0000-00-00 00:00:00', 0, '0000-00-00 00:00:00'),
	(1132, 31, 'H31', 25, 69, 'odd', 0, '2012-01-27 00:00:00', 0, '0000-00-00 00:00:00', 0, '0000-00-00 00:00:00'),
	(1133, 27, 'H13', 2, 998, 'even', 0, '2012-01-27 00:00:00', 0, '0000-00-00 00:00:00', 0, '0000-00-00 00:00:00'),
	(1134, 33, 'H33', 95, 999, 'odd-even', 0, '2012-01-27 00:00:00', 0, '0000-00-00 00:00:00', 0, '0000-00-00 00:00:00'),
	(1135, 29, 'H22', 2, 26, 'odd', 0, '2012-01-27 00:00:00', 0, '0000-00-00 00:00:00', 0, '0000-00-00 00:00:00'),
	(1136, 30, 'H23', 1, 9999, 'odd-even', 0, '2012-01-27 00:00:00', 0, '0000-00-00 00:00:00', 0, '0000-00-00 00:00:00'),
	(1137, 26, 'H12', 1, 9999, 'odd-even', 0, '2012-01-27 00:00:00', 0, '0000-00-00 00:00:00', 0, '0000-00-00 00:00:00');

INSERT INTO `districts_relations` (`districts_relation_id`, `districts_district_id`, `districts_district_code`, `range_start`, `range_end`, `range_parity`, `created_by`, `created_on`, `modified_by`, `modified_on`, `locked_by`, `locked_on`)
VALUES
	(1138, 32, 'H32', 1, 9999, 'odd-even', 0, '2012-01-27 00:00:00', 0, '0000-00-00 00:00:00', 0, '0000-00-00 00:00:00'),
	(1139, 28, 'H21', 1, 9999, 'odd-even', 0, '2012-01-27 00:00:00', 0, '0000-00-00 00:00:00', 0, '0000-00-00 00:00:00'),
	(1140, 33, 'H33', 1, 9999, 'odd-even', 0, '2012-01-27 00:00:00', 0, '0000-00-00 00:00:00', 0, '0000-00-00 00:00:00'),
	(1141, 29, 'H22', 1, 9999, 'odd-even', 0, '2012-01-27 00:00:00', 0, '0000-00-00 00:00:00', 0, '0000-00-00 00:00:00'),
	(1142, 31, 'H31', 1, 9999, 'odd-even', 0, '2012-01-27 00:00:00', 0, '0000-00-00 00:00:00', 0, '0000-00-00 00:00:00'),
	(1143, 1, 'KUL', 76, 82, 'even', 0, '2012-01-27 00:00:00', 0, '0000-00-00 00:00:00', 0, '0000-00-00 00:00:00'),
	(1144, 1, 'KUL', 101, 101, 'odd', 0, '2012-01-27 00:00:00', 0, '0000-00-00 00:00:00', 0, '0000-00-00 00:00:00'),
	(1145, 16, 'L53', 1, 9999, 'odd-even', 0, '2012-01-27 00:00:00', 0, '0000-00-00 00:00:00', 0, '0000-00-00 00:00:00'),
	(1146, 26, 'H12', 1, 999, 'odd-even', 0, '2012-01-27 00:00:00', 0, '0000-00-00 00:00:00', 0, '0000-00-00 00:00:00'),
	(1147, 34, 'W11', 1, 9999, 'odd-even', 0, '2012-01-27 00:00:00', 0, '0000-00-00 00:00:00', 0, '0000-00-00 00:00:00'),
	(1148, 34, 'W11', 1, 9999, 'odd-even', 0, '2012-01-27 00:00:00', 0, '0000-00-00 00:00:00', 0, '0000-00-00 00:00:00'),
	(1149, 35, 'W12', 1, 9999, 'odd-even', 0, '2012-01-27 00:00:00', 0, '0000-00-00 00:00:00', 0, '0000-00-00 00:00:00'),
	(1150, 38, 'W21', 1, 9999, 'odd-even', 0, '2012-01-27 00:00:00', 0, '0000-00-00 00:00:00', 0, '0000-00-00 00:00:00'),
	(1151, 20, 'K11', 1, 9999, 'odd-even', 0, '2012-01-27 00:00:00', 0, '0000-00-00 00:00:00', 0, '0000-00-00 00:00:00'),
	(1152, 41, 'K31', 1, 9999, 'odd-even', 0, '2012-01-27 00:00:00', 0, '0000-00-00 00:00:00', 0, '0000-00-00 00:00:00'),
	(1154, 7, 'L23', 31, 37, 'odd', 0, '2012-01-27 00:00:00', 0, '0000-00-00 00:00:00', 0, '0000-00-00 00:00:00'),
	(1155, 37, 'W22', 1, 9999, 'odd-even', 0, '2012-01-27 00:00:00', 0, '0000-00-00 00:00:00', 0, '0000-00-00 00:00:00'),
	(1156, 41, 'K31', 1, 9999, 'odd-even', 0, '2012-01-27 00:00:00', 0, '0000-00-00 00:00:00', 0, '0000-00-00 00:00:00'),
	(1157, 41, 'K31', 1, 999, 'odd-even', 0, '2012-01-27 00:00:00', 0, '0000-00-00 00:00:00', 0, '0000-00-00 00:00:00'),
	(1158, 9, 'L32', 46, 78, 'even', 0, '2012-01-27 00:00:00', 0, '0000-00-00 00:00:00', 0, '0000-00-00 00:00:00'),
	(1159, 1, 'KUL', 80, 80, 'even', 0, '2012-01-27 00:00:00', 0, '0000-00-00 00:00:00', 0, '0000-00-00 00:00:00'),
	(1160, 34, 'W11', 1, 9999, 'odd-even', 0, '2012-01-27 00:00:00', 0, '0000-00-00 00:00:00', 0, '0000-00-00 00:00:00'),
	(1161, 15, 'L52', 1, 9999, 'odd-even', 0, '2012-01-27 00:00:00', 0, '0000-00-00 00:00:00', 0, '0000-00-00 00:00:00'),
	(1162, 41, 'K31', 1, 9999, 'odd-even', 0, '2012-01-27 00:00:00', 0, '0000-00-00 00:00:00', 0, '0000-00-00 00:00:00'),
	(1163, 41, 'K31', 1, 999, 'odd-even', 0, '2012-01-27 00:00:00', 0, '0000-00-00 00:00:00', 0, '0000-00-00 00:00:00'),
	(1164, 41, 'K31', 1, 9999, 'odd-even', 0, '2012-01-27 00:00:00', 0, '0000-00-00 00:00:00', 0, '0000-00-00 00:00:00'),
	(1165, 35, 'W12', 1, 9999, 'odd-even', 0, '2012-01-27 00:00:00', 0, '0000-00-00 00:00:00', 0, '0000-00-00 00:00:00'),
	(1166, 43, 'K42', 1, 9999, 'odd-even', 0, '2012-01-27 00:00:00', 0, '0000-00-00 00:00:00', 0, '0000-00-00 00:00:00'),
	(1167, 26, 'H12', 1, 9999, 'odd-even', 0, '2012-01-27 00:00:00', 0, '0000-00-00 00:00:00', 0, '0000-00-00 00:00:00'),
	(1168, 26, 'H12', 1, 9999, 'odd-even', 0, '2012-01-27 00:00:00', 0, '0000-00-00 00:00:00', 0, '0000-00-00 00:00:00'),
	(1169, 26, 'H12', 1, 9999, 'odd-even', 0, '2012-01-27 00:00:00', 0, '0000-00-00 00:00:00', 0, '0000-00-00 00:00:00'),
	(1170, 26, 'H12', 1, 9999, 'odd-even', 0, '2012-01-27 00:00:00', 0, '0000-00-00 00:00:00', 0, '0000-00-00 00:00:00'),
	(1171, 26, 'H12', 1, 9999, 'odd-even', 0, '2012-01-27 00:00:00', 0, '0000-00-00 00:00:00', 0, '0000-00-00 00:00:00'),
	(1172, 26, 'H12', 1, 9999, 'odd-even', 0, '2012-01-27 00:00:00', 0, '0000-00-00 00:00:00', 0, '0000-00-00 00:00:00'),
	(1173, 26, 'H12', 1, 9999, 'odd-even', 0, '2012-01-27 00:00:00', 0, '0000-00-00 00:00:00', 0, '0000-00-00 00:00:00'),
	(1174, 26, 'H12', 1, 9999, 'odd-even', 0, '2012-01-27 00:00:00', 0, '0000-00-00 00:00:00', 0, '0000-00-00 00:00:00'),
	(1175, 1, 'KUL', 165, 165, 'odd', 0, '2012-01-27 00:00:00', 0, '0000-00-00 00:00:00', 0, '0000-00-00 00:00:00'),
	(1176, 17, 'L61', 2, 4, 'even', 0, '2012-01-27 00:00:00', 0, '0000-00-00 00:00:00', 0, '0000-00-00 00:00:00'),
	(1177, 17, 'L61', 8, 999, 'even', 0, '2012-01-27 00:00:00', 0, '0000-00-00 00:00:00', 0, '0000-00-00 00:00:00'),
	(1178, 17, 'L61', 1, 15, 'odd', 0, '2012-01-27 00:00:00', 0, '0000-00-00 00:00:00', 0, '0000-00-00 00:00:00'),
	(1179, 1, 'KUL', 37, 37, 'odd', 0, '2012-01-27 00:00:00', 0, '0000-00-00 00:00:00', 0, '0000-00-00 00:00:00'),
	(1180, 1, 'KUL', 6, 6, 'even', 0, '2012-01-27 00:00:00', 0, '0000-00-00 00:00:00', 0, '0000-00-00 00:00:00'),
	(1181, 1, 'KUL', 17, 17, 'odd', 0, '2012-01-27 00:00:00', 0, '0000-00-00 00:00:00', 0, '0000-00-00 00:00:00'),
	(1182, 17, 'L61', 27, 29, 'odd', 0, '2012-01-27 00:00:00', 0, '0000-00-00 00:00:00', 0, '0000-00-00 00:00:00'),
	(1183, 1, 'KUL', 34, 34, 'even', 0, '2012-01-27 00:00:00', 0, '0000-00-00 00:00:00', 0, '0000-00-00 00:00:00'),
	(1184, 1, 'KUL', 87, 87, 'odd', 0, '2012-01-27 00:00:00', 0, '0000-00-00 00:00:00', 0, '0000-00-00 00:00:00'),
	(1185, 18, 'L62', 63, 167, 'odd', 0, '2012-01-27 00:00:00', 0, '0000-00-00 00:00:00', 0, '0000-00-00 00:00:00'),
	(1186, 12, 'L42', 10, 999, 'odd-even', 0, '2012-01-27 00:00:00', 0, '0000-00-00 00:00:00', 0, '0000-00-00 00:00:00'),
	(1187, 17, 'L61', 2, 56, 'even', 0, '2012-01-27 00:00:00', 0, '0000-00-00 00:00:00', 0, '0000-00-00 00:00:00'),
	(1188, 12, 'L42', 8, 104, 'even', 0, '2012-01-27 00:00:00', 0, '0000-00-00 00:00:00', 0, '0000-00-00 00:00:00'),
	(1189, 8, 'L31', 2, 144, 'even', 0, '2012-01-27 00:00:00', 0, '0000-00-00 00:00:00', 0, '0000-00-00 00:00:00'),
	(1190, 16, 'L53', 1, 9, 'odd', 0, '2012-01-27 00:00:00', 0, '0000-00-00 00:00:00', 0, '0000-00-00 00:00:00'),
	(1191, 7, 'L23', 55, 237, 'odd', 0, '2012-01-27 00:00:00', 0, '0000-00-00 00:00:00', 0, '0000-00-00 00:00:00'),
	(1192, 1, 'KUL', 123, 123, 'odd', 0, '2012-01-27 00:00:00', 0, '0000-00-00 00:00:00', 0, '0000-00-00 00:00:00'),
	(1193, 16, 'L53', 4, 32, 'even', 0, '2012-01-27 00:00:00', 0, '0000-00-00 00:00:00', 0, '0000-00-00 00:00:00'),
	(1194, 16, 'L53', 1, 57, 'odd', 0, '2012-01-27 00:00:00', 0, '0000-00-00 00:00:00', 0, '0000-00-00 00:00:00'),
	(1195, 19, 'L63', 34, 34, 'even', 0, '2012-01-27 00:00:00', 0, '0000-00-00 00:00:00', 0, '0000-00-00 00:00:00'),
	(1196, 6, 'L22', 36, 60, 'even', 0, '2012-01-27 00:00:00', 0, '0000-00-00 00:00:00', 0, '0000-00-00 00:00:00'),
	(1197, 17, 'L61', 48, 49, 'odd', 0, '2012-01-27 00:00:00', 0, '0000-00-00 00:00:00', 0, '0000-00-00 00:00:00'),
	(1198, 17, 'L61', 19, 23, 'odd', 0, '2012-01-27 00:00:00', 0, '0000-00-00 00:00:00', 0, '0000-00-00 00:00:00'),
	(1200, 16, 'L53', 1, 9999, 'odd-even', 0, '2012-01-27 00:00:00', 0, '0000-00-00 00:00:00', 0, '0000-00-00 00:00:00'),
	(1201, 2, 'L11', 1, 9999, 'odd-even', 0, '2012-01-27 00:00:00', 0, '0000-00-00 00:00:00', 0, '0000-00-00 00:00:00'),
	(1203, 43, 'K42', 1, 9999, 'odd-even', 0, '2012-01-27 00:00:00', 0, '0000-00-00 00:00:00', 0, '0000-00-00 00:00:00'),
	(1204, 43, 'K42', 1, 9999, 'odd-even', 0, '2012-01-27 00:00:00', 0, '0000-00-00 00:00:00', 0, '0000-00-00 00:00:00'),
	(1205, 1, 'KUL', 1, 9999, 'odd-even', 0, '2012-01-27 00:00:00', 0, '0000-00-00 00:00:00', 0, '0000-00-00 00:00:00');

INSERT INTO `districts_relations` (`districts_relation_id`, `districts_district_id`, `districts_district_code`, `range_start`, `range_end`, `range_parity`, `created_by`, `created_on`, `modified_by`, `modified_on`, `locked_by`, `locked_on`)
VALUES
	(1206, 1, 'KUL', 39, 41, 'odd', 0, '2012-01-27 00:00:00', 0, '0000-00-00 00:00:00', 0, '0000-00-00 00:00:00'),
	(1207, 7, 'L23', 43, 43, 'odd', 0, '2012-01-27 00:00:00', 0, '0000-00-00 00:00:00', 0, '0000-00-00 00:00:00'),
	(1208, 10, 'L33', 1, 9999, 'odd-even', 0, '2012-01-27 00:00:00', 0, '0000-00-00 00:00:00', 0, '0000-00-00 00:00:00'),
	(1209, 31, 'H31', 2, 186, 'even', 0, '2012-01-27 00:00:00', 0, '0000-00-00 00:00:00', 0, '0000-00-00 00:00:00'),
	(1210, 32, 'H32', 188, 998, 'even', 0, '2012-01-27 00:00:00', 0, '0000-00-00 00:00:00', 0, '0000-00-00 00:00:00'),
	(1211, 1, 'KUL', 70, 70, 'even', 0, '2012-01-27 00:00:00', 0, '0000-00-00 00:00:00', 0, '0000-00-00 00:00:00'),
	(1212, 1, 'KUL', 78, 78, 'even', 0, '2012-01-27 00:00:00', 0, '0000-00-00 00:00:00', 0, '0000-00-00 00:00:00'),
	(1213, 29, 'H22', 28, 998, 'even', 0, '2012-01-27 00:00:00', 0, '0000-00-00 00:00:00', 0, '0000-00-00 00:00:00'),
	(1214, 28, 'H21', 1, 59, 'odd', 0, '2012-01-27 00:00:00', 0, '0000-00-00 00:00:00', 0, '0000-00-00 00:00:00'),
	(1215, 29, 'H22', 61, 87, 'odd', 0, '2012-01-27 00:00:00', 0, '0000-00-00 00:00:00', 0, '0000-00-00 00:00:00'),
	(1216, 30, 'H23', 89, 999, 'odd', 0, '2012-01-27 00:00:00', 0, '0000-00-00 00:00:00', 0, '0000-00-00 00:00:00'),
	(1217, 29, 'H22', 86, 998, 'even', 0, '2012-01-27 00:00:00', 0, '0000-00-00 00:00:00', 0, '0000-00-00 00:00:00'),
	(1218, 1, 'KUL', 103, 103, 'odd', 0, '2012-01-27 00:00:00', 0, '0000-00-00 00:00:00', 0, '0000-00-00 00:00:00'),
	(1219, 27, 'H13', 105, 105, 'odd', 0, '2012-01-27 00:00:00', 0, '0000-00-00 00:00:00', 0, '0000-00-00 00:00:00'),
	(1220, 1, 'KUL', 115, 119, 'odd', 0, '2012-01-27 00:00:00', 0, '0000-00-00 00:00:00', 0, '0000-00-00 00:00:00'),
	(1221, 27, 'H13', 121, 121, 'odd', 0, '2012-01-27 00:00:00', 0, '0000-00-00 00:00:00', 0, '0000-00-00 00:00:00'),
	(1222, 1, 'KUL', 123, 123, 'odd', 0, '2012-01-27 00:00:00', 0, '0000-00-00 00:00:00', 0, '0000-00-00 00:00:00'),
	(1223, 27, 'H13', 125, 139, 'odd', 0, '2012-01-27 00:00:00', 0, '0000-00-00 00:00:00', 0, '0000-00-00 00:00:00'),
	(1224, 1, 'KUL', 141, 143, 'odd', 0, '2012-01-27 00:00:00', 0, '0000-00-00 00:00:00', 0, '0000-00-00 00:00:00'),
	(1225, 27, 'H13', 145, 153, 'odd', 0, '2012-01-27 00:00:00', 0, '0000-00-00 00:00:00', 0, '0000-00-00 00:00:00'),
	(1226, 27, 'H13', 157, 999, 'odd', 0, '2012-01-27 00:00:00', 0, '0000-00-00 00:00:00', 0, '0000-00-00 00:00:00'),
	(1227, 31, 'H31', 2, 92, 'even', 0, '2012-01-27 00:00:00', 0, '0000-00-00 00:00:00', 0, '0000-00-00 00:00:00'),
	(1228, 33, 'H33', 94, 998, 'even', 0, '2012-01-27 00:00:00', 0, '0000-00-00 00:00:00', 0, '0000-00-00 00:00:00'),
	(1229, 27, 'H13', 103, 999, 'odd', 0, '2012-01-27 00:00:00', 0, '0000-00-00 00:00:00', 0, '0000-00-00 00:00:00'),
	(1230, 26, 'H12', 72, 74, 'even', 0, '2012-01-27 00:00:00', 0, '0000-00-00 00:00:00', 0, '0000-00-00 00:00:00'),
	(1231, 26, 'H12', 84, 998, 'even', 0, '2012-01-27 00:00:00', 0, '0000-00-00 00:00:00', 0, '0000-00-00 00:00:00'),
	(1232, 31, 'H31', 125, 999, 'odd', 0, '2012-01-27 00:00:00', 0, '0000-00-00 00:00:00', 0, '0000-00-00 00:00:00'),
	(1233, 31, 'H31', 2, 998, 'even', 0, '2012-01-27 00:00:00', 0, '0000-00-00 00:00:00', 0, '0000-00-00 00:00:00'),
	(1234, 27, 'H13', 2, 68, 'even', 0, '2012-01-27 00:00:00', 0, '0000-00-00 00:00:00', 0, '0000-00-00 00:00:00'),
	(1235, 27, 'H13', 72, 76, 'even', 0, '2012-01-27 00:00:00', 0, '0000-00-00 00:00:00', 0, '0000-00-00 00:00:00'),
	(1236, 27, 'H13', 80, 998, 'even', 0, '2012-01-27 00:00:00', 0, '0000-00-00 00:00:00', 0, '0000-00-00 00:00:00'),
	(1237, 26, 'H12', 7, 999, 'odd', 0, '2012-01-27 00:00:00', 0, '0000-00-00 00:00:00', 0, '0000-00-00 00:00:00'),
	(1238, 11, 'L41', 1, 41, 'odd', 0, '2012-01-27 00:00:00', 0, '0000-00-00 00:00:00', 0, '0000-00-00 00:00:00'),
	(1239, 13, 'L43', 44, 998, 'even', 0, '2012-01-27 00:00:00', 0, '0000-00-00 00:00:00', 0, '0000-00-00 00:00:00'),
	(1240, 22, 'K13', 197, 999, 'odd', 0, '2012-01-27 00:00:00', 0, '0000-00-00 00:00:00', 0, '0000-00-00 00:00:00'),
	(1241, 24, 'K23', 45, 999, 'odd', 0, '2012-01-27 00:00:00', 0, '0000-00-00 00:00:00', 0, '0000-00-00 00:00:00'),
	(1242, 32, 'H32', 1, 999, 'odd-even', 0, '2012-01-27 00:00:00', 0, '0000-00-00 00:00:00', 0, '0000-00-00 00:00:00'),
	(1244, 21, 'K12', 135, 399, 'odd', 0, '2012-01-27 00:00:00', 0, '0000-00-00 00:00:00', 0, '0000-00-00 00:00:00'),
	(1245, 21, 'K12', 118, 360, 'even', 0, '2012-01-27 00:00:00', 0, '0000-00-00 00:00:00', 0, '0000-00-00 00:00:00'),
	(1246, 1, 'KUL', 15, 15, 'odd-even', 0, '2012-01-27 00:00:00', 0, '0000-00-00 00:00:00', 0, '0000-00-00 00:00:00'),
	(1247, 10, 'L33', 1, 14, 'odd-even', 0, '2012-01-27 00:00:00', 0, '0000-00-00 00:00:00', 0, '0000-00-00 00:00:00'),
	(1248, 1, 'KUL', 47, 47, 'odd-even', 0, '2012-01-27 00:00:00', 0, '0000-00-00 00:00:00', 0, '0000-00-00 00:00:00'),
	(1249, 1, 'KUL', 2, 2, 'even', 0, '2012-01-27 00:00:00', 0, '0000-00-00 00:00:00', 0, '0000-00-00 00:00:00'),
	(1250, 15, 'L52', 1, 999, 'odd', 0, '2012-01-27 00:00:00', 0, '0000-00-00 00:00:00', 0, '0000-00-00 00:00:00'),
	(1251, 1, 'KUL', 58, 58, 'even', 0, '2012-01-27 00:00:00', 0, '0000-00-00 00:00:00', 0, '0000-00-00 00:00:00'),
	(1252, 4, 'L13', 60, 999, 'even', 0, '2012-01-27 00:00:00', 0, '0000-00-00 00:00:00', 0, '0000-00-00 00:00:00'),
	(1253, 1, 'KUL', 25, 25, 'odd', 0, '2012-01-27 00:00:00', 0, '0000-00-00 00:00:00', 0, '0000-00-00 00:00:00'),
	(1254, 1, 'KUL', 107, 107, 'odd', 0, '2012-01-27 00:00:00', 0, '0000-00-00 00:00:00', 0, '0000-00-00 00:00:00'),
	(1255, 27, 'H13', 109, 113, 'odd', 0, '2012-01-27 00:00:00', 0, '0000-00-00 00:00:00', 0, '0000-00-00 00:00:00'),
	(1256, 1, 'KUL', 6, 6, 'odd-even', 0, '2012-01-27 00:00:00', 0, '0000-00-00 00:00:00', 0, '0000-00-00 00:00:00'),
	(1257, 7, 'L23', 1, 5, 'odd-even', 0, '2012-01-27 00:00:00', 0, '0000-00-00 00:00:00', 0, '0000-00-00 00:00:00'),
	(1258, 1, 'KUL', 23, 23, 'odd', 0, '2012-01-27 00:00:00', 0, '0000-00-00 00:00:00', 0, '0000-00-00 00:00:00'),
	(1259, 7, 'L23', 1, 21, 'odd', 0, '2012-01-27 00:00:00', 0, '0000-00-00 00:00:00', 0, '0000-00-00 00:00:00'),
	(1260, 7, 'L23', 25, 27, 'odd', 0, '2012-01-27 00:00:00', 0, '0000-00-00 00:00:00', 0, '0000-00-00 00:00:00'),
	(1261, 1, 'KUL', 29, 29, 'odd', 0, '2012-01-27 00:00:00', 0, '0000-00-00 00:00:00', 0, '0000-00-00 00:00:00'),
	(1262, 1, 'KUL', 35, 35, 'odd', 0, '2012-01-27 00:00:00', 0, '0000-00-00 00:00:00', 0, '0000-00-00 00:00:00'),
	(1263, 1, 'KUL', 6, 6, 'odd-even', 0, '2012-01-27 00:00:00', 0, '0000-00-00 00:00:00', 0, '0000-00-00 00:00:00'),
	(1264, 6, 'L22', 1, 5, 'odd-even', 0, '2012-01-27 00:00:00', 0, '0000-00-00 00:00:00', 0, '0000-00-00 00:00:00'),
	(1265, 1, 'KUL', 32, 32, 'even', 0, '2012-01-27 00:00:00', 0, '0000-00-00 00:00:00', 0, '0000-00-00 00:00:00'),
	(1266, 3, 'L12', 2, 30, 'even', 0, '2012-01-27 00:00:00', 0, '0000-00-00 00:00:00', 0, '0000-00-00 00:00:00'),
	(1267, 1, 'KUL', 100, 100, 'even', 0, '2012-01-27 00:00:00', 0, '0000-00-00 00:00:00', 0, '0000-00-00 00:00:00'),
	(1268, 27, 'H13', 2, 98, 'even', 0, '2012-01-27 00:00:00', 0, '0000-00-00 00:00:00', 0, '0000-00-00 00:00:00'),
	(1269, 1, 'KUL', 53, 53, 'odd', 0, '2012-01-27 00:00:00', 0, '0000-00-00 00:00:00', 0, '0000-00-00 00:00:00'),
	(1270, 1, 'KUL', 6, 6, 'even', 0, '2012-01-27 00:00:00', 0, '0000-00-00 00:00:00', 0, '0000-00-00 00:00:00'),
	(1271, 12, 'L42', 2, 4, 'even', 0, '2012-01-27 00:00:00', 0, '0000-00-00 00:00:00', 0, '0000-00-00 00:00:00'),
	(1272, 1, 'KUL', 21, 23, 'odd', 0, '2012-01-27 00:00:00', 0, '0000-00-00 00:00:00', 0, '0000-00-00 00:00:00');

INSERT INTO `districts_relations` (`districts_relation_id`, `districts_district_id`, `districts_district_code`, `range_start`, `range_end`, `range_parity`, `created_by`, `created_on`, `modified_by`, `modified_on`, `locked_by`, `locked_on`)
VALUES
	(1273, 31, 'H31', 1, 19, 'odd', 0, '2012-01-27 00:00:00', 0, '0000-00-00 00:00:00', 0, '0000-00-00 00:00:00'),
	(1274, 1, 'KUL', 68, 68, 'odd-even', 0, '2012-01-27 00:00:00', 0, '0000-00-00 00:00:00', 0, '0000-00-00 00:00:00'),
	(1275, 12, 'L42', 1, 67, 'odd-even', 0, '2012-01-27 00:00:00', 0, '0000-00-00 00:00:00', 0, '0000-00-00 00:00:00'),
	(1276, 1, 'KUL', 39, 39, 'odd-even', 0, '2012-01-27 00:00:00', 0, '0000-00-00 00:00:00', 0, '0000-00-00 00:00:00'),
	(1277, 11, 'L41', 1, 38, 'odd-even', 0, '2012-01-27 00:00:00', 0, '0000-00-00 00:00:00', 0, '0000-00-00 00:00:00'),
	(1278, 1, 'KUL', 100, 100, 'even', 0, '2012-01-27 00:00:00', 0, '0000-00-00 00:00:00', 0, '0000-00-00 00:00:00'),
	(1279, 9, 'L32', 102, 998, 'even', 0, '2012-01-27 00:00:00', 0, '0000-00-00 00:00:00', 0, '0000-00-00 00:00:00'),
	(1280, 45, '', 1, 111, 'odd', 63, '2012-03-12 10:10:45', 0, '0000-00-00 00:00:00', 0, '0000-00-00 00:00:00'),
	(1281, 40, '', 115, 395, 'odd', 63, '2012-03-12 10:12:14', 0, '0000-00-00 00:00:00', 0, '0000-00-00 00:00:00'),
	(1282, 8, '', 1, 9999, 'odd-even', 63, '2012-03-12 15:14:51', 0, '0000-00-00 00:00:00', 0, '0000-00-00 00:00:00'),
	(1283, 16, '', 1, 9999, 'odd-even', 63, '2012-03-12 15:20:39', 0, '0000-00-00 00:00:00', 0, '0000-00-00 00:00:00'),
	(1284, 2, '', 1, 9999, 'odd-even', 63, '2012-03-12 15:32:55', 0, '0000-00-00 00:00:00', 0, '0000-00-00 00:00:00'),
	(1285, 26, '', 1, 9999, 'odd-even', 63, '2012-03-12 15:41:09', 0, '0000-00-00 00:00:00', 0, '0000-00-00 00:00:00'),
	(1286, 26, '', 1, 9999, 'odd-even', 63, '2012-03-12 15:41:22', 0, '0000-00-00 00:00:00', 0, '0000-00-00 00:00:00'),
	(1287, 34, '', 1, 9999, 'odd-even', 63, '2012-03-12 15:42:14', 0, '0000-00-00 00:00:00', 0, '0000-00-00 00:00:00'),
	(1288, 25, '', 1, 9999, 'odd-even', 63, '2012-03-12 15:49:35', 0, '0000-00-00 00:00:00', 0, '0000-00-00 00:00:00'),
	(1289, 25, '', 1, 9999, 'odd-even', 63, '2012-03-12 15:50:24', 0, '0000-00-00 00:00:00', 0, '0000-00-00 00:00:00'),
	(1290, 26, '', 1, 9999, 'odd-even', 63, '2012-03-12 16:11:27', 0, '0000-00-00 00:00:00', 0, '0000-00-00 00:00:00'),
	(1291, 32, '', 1, 9999, 'odd-even', 63, '2012-03-13 09:06:20', 0, '0000-00-00 00:00:00', 0, '0000-00-00 00:00:00'),
	(1292, 13, '', 1, 9999, 'odd-even', 63, '2012-03-13 09:09:24', 0, '0000-00-00 00:00:00', 0, '0000-00-00 00:00:00'),
	(1294, 17, '', 1, 9999, 'odd-even', 63, '2012-03-13 09:10:57', 0, '0000-00-00 00:00:00', 0, '0000-00-00 00:00:00'),
	(1296, 5, '', 1, 9999, 'odd-even', 63, '2012-03-13 09:17:38', 0, '0000-00-00 00:00:00', 0, '0000-00-00 00:00:00'),
	(1297, 45, '', 1, 9999, 'odd-even', 63, '2012-03-13 09:19:15', 0, '0000-00-00 00:00:00', 0, '0000-00-00 00:00:00'),
	(1298, 26, '', 1, 9999, 'odd-even', 63, '2012-03-13 09:42:53', 0, '0000-00-00 00:00:00', 0, '0000-00-00 00:00:00'),
	(1299, 26, '', 1, 9999, 'odd-even', 63, '2012-03-13 09:43:44', 0, '0000-00-00 00:00:00', 0, '0000-00-00 00:00:00'),
	(1300, 26, '', 1, 9999, 'odd-even', 63, '2012-03-13 09:44:01', 0, '0000-00-00 00:00:00', 0, '0000-00-00 00:00:00'),
	(1302, 25, '', 1, 9999, 'odd-even', 63, '2012-03-13 09:46:13', 0, '0000-00-00 00:00:00', 0, '0000-00-00 00:00:00'),
	(1304, 20, '', 1, 9999, 'odd-even', 63, '2012-03-13 09:48:15', 0, '0000-00-00 00:00:00', 0, '0000-00-00 00:00:00'),
	(1305, 45, '', 1, 9999, 'odd-even', 63, '2012-03-13 09:49:14', 0, '0000-00-00 00:00:00', 0, '0000-00-00 00:00:00'),
	(1306, 37, '', 1, 9999, 'odd-even', 63, '2012-03-13 13:07:31', 0, '0000-00-00 00:00:00', 0, '0000-00-00 00:00:00'),
	(1307, 34, '', 1, 9999, 'odd-even', 63, '2012-03-13 15:04:04', 0, '0000-00-00 00:00:00', 0, '0000-00-00 00:00:00'),
	(1308, 34, '', 1, 9999, 'odd-even', 63, '2012-03-13 15:04:24', 0, '0000-00-00 00:00:00', 0, '0000-00-00 00:00:00'),
	(1309, 34, '', 1, 9999, 'odd-even', 63, '2012-03-13 15:04:37', 0, '0000-00-00 00:00:00', 0, '0000-00-00 00:00:00'),
	(1310, 34, '', 1, 9999, 'odd-even', 63, '2012-03-13 15:04:53', 0, '0000-00-00 00:00:00', 0, '0000-00-00 00:00:00'),
	(1311, 38, '', 1, 9999, 'odd-even', 63, '2012-03-13 15:08:52', 0, '0000-00-00 00:00:00', 0, '0000-00-00 00:00:00'),
	(1312, 38, '', 1, 9999, 'odd-even', 63, '2012-03-13 15:09:08', 0, '0000-00-00 00:00:00', 0, '0000-00-00 00:00:00'),
	(1313, 35, '', 1, 9999, 'odd-even', 63, '2012-03-13 15:10:08', 0, '0000-00-00 00:00:00', 0, '0000-00-00 00:00:00'),
	(1314, 34, '', 1, 9999, 'odd-even', 63, '2012-03-13 15:12:15', 0, '0000-00-00 00:00:00', 0, '0000-00-00 00:00:00'),
	(1315, 35, '', 1, 9999, 'odd-even', 63, '2012-03-13 15:17:17', 0, '0000-00-00 00:00:00', 0, '0000-00-00 00:00:00'),
	(1316, 35, '', 1, 9999, 'odd-even', 63, '2012-03-13 15:17:34', 0, '0000-00-00 00:00:00', 0, '0000-00-00 00:00:00'),
	(1317, 38, '', 1, 9999, 'odd-even', 63, '2012-03-13 15:19:46', 0, '0000-00-00 00:00:00', 0, '0000-00-00 00:00:00'),
	(1318, 16, '', 1, 9999, 'odd-even', 63, '2012-03-13 15:21:43', 0, '0000-00-00 00:00:00', 0, '0000-00-00 00:00:00'),
	(1319, 45, '', 1, 9999, 'odd-even', 63, '2012-03-13 15:23:45', 0, '0000-00-00 00:00:00', 0, '0000-00-00 00:00:00'),
	(1320, 23, '', 1, 9999, 'odd-even', 63, '2012-03-13 15:24:36', 0, '0000-00-00 00:00:00', 0, '0000-00-00 00:00:00'),
	(1321, 20, '', 1, 9999, 'odd-even', 63, '2012-03-13 15:25:17', 0, '0000-00-00 00:00:00', 0, '0000-00-00 00:00:00'),
	(1322, 22, '', 1, 9999, 'odd-even', 63, '2012-03-13 15:26:12', 0, '0000-00-00 00:00:00', 0, '0000-00-00 00:00:00');

